Date,Tractor Model,Horsepower,Implement Model,Implement Size,Notes,Operation,SWAT Implement,Tillage Code,Mixing Depth (mm),Mixing Efficiency,Area Fraction,Type / Note,Op System,Compute_Warning,Disturbance_Fraction,RowID,Window_ID,Window_Start,Window_End,Crop,Disturbance_Cum,Disturbance_CumAllYears
2011-01-01,JD 8310,205.0,JD 915 V Ripper,~ 18.75 - 22.5 ft,https://www.sunequip.com/new-equipment/farming-equipment/tillage/rippers/915-v-ripper/,Deep Ripper,Deep Ripper–Subsoiler,RIPRSUBS,350.0,0.25,1.0,Tillage (use VRIPPER 350/0.25 if V-ripper specified),CT,,0.4375,0,1.0,1677-09-21 00:12:43.145224193,2011-11-15,grain corn,0.4375,0.4375
2011-01-01,JD 8310,205.0,Case 165 6 Bottom Plow,,,Moldboard Plow,Moldboard Plow (Reg),MLDBOARD,150.0,0.95,1.0,Tillage,CT,,0.7124999999999999,1,1.0,1677-09-21 00:12:43.145224193,2011-11-15,grain corn,1.15,1.15
2011-03-03,JD 7820,180.0,6 row Orthman Cultivator 8375,6 row,"For 2011 and 2012, we don't have super detailed records of tools, so I'll just use what we used for later years",Harrow,Harrow (Tines),HARROW,25.0,0.2,1.0,Tillage (light),CT,,0.025,2,1.0,1677-09-21 00:12:43.145224193,2011-11-15,grain corn,1.1749999999999998,1.1749999999999998
2011-03-03,JD 7820,180.0,6 row Orthman Cultivator 8375,6 row,,Harrow,Harrow (Tines),HARROW,25.0,0.2,1.0,Tillage (light),CT,,0.025,3,1.0,1677-09-21 00:12:43.145224193,2011-11-15,grain corn,1.2,1.2
2011-03-15,JD 7820,189.0,Eversman 2400 Landplane,24',,Landplane,Land Plane–Leveler,LANDLEVL,75.0,0.5,1.0,Tillage (leveling/seedbed),CT,,0.1875,4,1.0,1677-09-21 00:12:43.145224193,2011-11-15,grain corn,1.3875,1.3875
2011-03-15,JD 7820,189.0,Eversman 2400 Landplane,24',,Landplane,Land Plane–Leveler,LANDLEVL,75.0,0.5,1.0,Tillage (leveling/seedbed),CT,,0.1875,5,1.0,1677-09-21 00:12:43.145224193,2011-11-15,grain corn,1.575,1.575
2011-04-02,JD 4455,156.0,Pipe Ditcher,6 row,,Ditch,,,,,,,CT,,0.0,6,1.0,1677-09-21 00:12:43.145224193,2011-11-15,grain corn,1.575,1.575
2011-04-05,JD 4455,156.0,JD 970 Cultipacker,,,Cultipack,Culti-packer Pulverizer,CULPKPUL,40.0,0.35,1.0,Tillage/firming pass,CT,,0.06999999999999999,7,1.0,1677-09-21 00:12:43.145224193,2011-11-15,grain corn,1.6449999999999998,1.6449999999999998
2011-05-04,JD 6130R,130.0,Monosem NG+4 6 Row,6 row,,Fertilizer Application,,,,,,,CT,,0.0,9,1.0,1677-09-21 00:12:43.145224193,2011-11-15,grain corn,1.6449999999999998,1.6449999999999998
2011-05-04,JD 6130R,130.0,Monosem NG+4 6 Row,6 row,,Plant,,,,,,,CT,,0.0,8,1.0,1677-09-21 00:12:43.145224193,2011-11-15,grain corn,1.6449999999999998,1.6449999999999998
2011-05-16,,,,,,Pesticide Application,—,—,0.0,0.0,0.0,Non-tillage,CT,,0.0,10,1.0,1677-09-21 00:12:43.145224193,2011-11-15,grain corn,1.6449999999999998,1.6449999999999998
2011-06-23,JD 4440,144.0,PV COOP Spreader Cart,,,Fertilizer Application,,,,,,,CT,,0.0,11,1.0,1677-09-21 00:12:43.145224193,2011-11-15,grain corn,1.6449999999999998,1.6449999999999998
2011-06-27,JD 4455,156.0,Eversman 6 row Cultivator,6 row,,Cultivate,Row Cultivator,ROWCULT,25.0,0.25,0.7,Tillage (between rows),CT,,0.021875,12,1.0,1677-09-21 00:12:43.145224193,2011-11-15,grain corn,1.6668749999999999,1.6668749999999999
2011-11-15,1660 Combine,,,,,Harvest,,,,,,,CT,,0.0,13,1.0,1677-09-21 00:12:43.145224193,2011-11-15,grain corn,1.6668749999999999,1.6668749999999999
2011-11-29,,,JD 568 Round Baler 5x6,,,Bail,,,,,,,CT,,0.0,15,2.0,2011-11-15 00:00:00.000000000,2012-11-01,grain corn,0.0,1.6668749999999999
2011-11-29,,,Alloway Flail Shredder,,,Chop and Windrow,—,—,0.0,0.0,0.0,Non-tillage,CT,,0.0,14,2.0,2011-11-15 00:00:00.000000000,2012-11-01,grain corn,0.0,1.6668749999999999
2011-11-30,JD 7820,189.0,JD 640 Disc,15',,Disc,Tandem Disk (Reg),TANDEMRG,75.0,0.6,1.0,Tillage,CT,,0.22499999999999998,16,2.0,2011-11-15 00:00:00.000000000,2012-11-01,grain corn,0.22499999999999998,1.8918749999999998
2012-03-05,JD 8310,205.0,Case 165 6 Bottom Plow,,,Moldboard Plow,Moldboard Plow (Reg),MLDBOARD,150.0,0.95,1.0,Tillage,CT,,0.7124999999999999,17,2.0,2011-11-15 00:00:00.000000000,2012-11-01,grain corn,0.9374999999999999,2.6043749999999997
2012-03-08,JD 7820,180.0,6 row Orthman Cultivator 8375,6 row,,Harrow,Harrow (Tines),HARROW,25.0,0.2,1.0,Tillage (light),CT,,0.025,18,2.0,2011-11-15 00:00:00.000000000,2012-11-01,grain corn,0.9624999999999999,2.6293749999999996
2012-03-08,JD 7820,180.0,6 row Orthman Cultivator 8375,6 row,,Harrow,Harrow (Tines),HARROW,25.0,0.2,1.0,Tillage (light),CT,,0.025,19,2.0,2011-11-15 00:00:00.000000000,2012-11-01,grain corn,0.9874999999999999,2.654375
2012-03-14,JD 7820,189.0,Eversman 2400 Landplane,24',,Landplane,Land Plane–Leveler,LANDLEVL,75.0,0.5,1.0,Tillage (leveling/seedbed),CT,,0.1875,20,2.0,2011-11-15 00:00:00.000000000,2012-11-01,grain corn,1.1749999999999998,2.841875
2012-03-14,JD 7820,189.0,Eversman 2400 Landplane,24',,Landplane,Land Plane–Leveler,LANDLEVL,75.0,0.5,1.0,Tillage (leveling/seedbed),CT,,0.1875,21,2.0,2011-11-15 00:00:00.000000000,2012-11-01,grain corn,1.3624999999999998,3.029375
2012-04-13,JD 7820,189.0,Hawkins 6 Row Bedder,6 row,,Condition Seedbeds,Soil Finisher,SOILFINS,75.0,0.55,1.0,Tillage,CT,,0.20625000000000002,23,2.0,2011-11-15 00:00:00.000000000,2012-11-01,grain corn,1.5687499999999999,3.2356249999999998
2012-04-13,JD 4455,156.0,Pipe Ditcher,6 row,,Ditch,,,,,,,CT,,0.0,22,2.0,2011-11-15 00:00:00.000000000,2012-11-01,grain corn,1.5687499999999999,3.2356249999999998
2012-05-03,JD 4440,144.0,PV COOP Spreader Cart,,,Fertilizer Application,,,,,,,CT,,0.0,25,2.0,2011-11-15 00:00:00.000000000,2012-11-01,grain corn,1.5687499999999999,3.2356249999999998
2012-05-03,JD 6130R,130.0,Monosem NG+4 6 Row,6 row,,Plant,,,,,,,CT,,0.0,24,2.0,2011-11-15 00:00:00.000000000,2012-11-01,grain corn,1.5687499999999999,3.2356249999999998
2012-05-10,JD 4455,156.0,Pipe Ditcher,6 row,,Pack Furrows,Roller Packer (Flat Roller),ROLPKRFT,40.0,0.35,0.3,Tillage (packing/firming furrows),CT,,0.020999999999999998,26,2.0,2011-11-15 00:00:00.000000000,2012-11-01,grain corn,1.58975,3.2566249999999997
2012-05-10,,,,,,Pesticide Application,—,—,0.0,0.0,0.0,Non-tillage,CT,,0.0,27,2.0,2011-11-15 00:00:00.000000000,2012-11-01,grain corn,1.58975,3.2566249999999997
2012-06-04,JD 4455,156.0,Pipe Ditcher,6 row,,Pack Furrows,Roller Packer (Flat Roller),ROLPKRFT,40.0,0.35,0.3,Tillage (packing/firming furrows),CT,,0.020999999999999998,28,2.0,2011-11-15 00:00:00.000000000,2012-11-01,grain corn,1.61075,3.2776249999999996
2012-06-20,,,,,,Pesticide Application,—,—,0.0,0.0,0.0,Non-tillage,CT,,0.0,29,2.0,2011-11-15 00:00:00.000000000,2012-11-01,grain corn,1.61075,3.2776249999999996
2012-06-26,JD 4455,156.0,Eversman 6 row Cultivator,6 row,,Cultivate,Row Cultivator,ROWCULT,25.0,0.25,0.7,Tillage (between rows),CT,,0.021875,31,2.0,2011-11-15 00:00:00.000000000,2012-11-01,grain corn,1.632625,3.2994999999999997
2012-06-26,JD 4440,144.0,PV COOP Spreader Cart,,,Fertilizer Application,,,,,,,CT,,0.0,30,2.0,2011-11-15 00:00:00.000000000,2012-11-01,grain corn,1.632625,3.2994999999999997
2012-11-01,1660 Combine,,,,,Harvest,,,,,,,CT,,0.0,32,2.0,2011-11-15 00:00:00.000000000,2012-11-01,grain corn,1.632625,3.2994999999999997
2012-11-15,,,JD 568 Round Baler 5x6,,,Bail,,,,,,,CT,,0.0,34,3.0,2012-11-01 00:00:00.000000000,2013-09-30,silage corn,0.0,3.2994999999999997
2012-11-15,,,Alloway Flail Shredder,,,Chop and Windrow,—,—,0.0,0.0,0.0,Non-tillage,CT,,0.0,33,3.0,2012-11-01 00:00:00.000000000,2013-09-30,silage corn,0.0,3.2994999999999997
2012-12-08,JD 8310,205.0,Case 165 6 Bottom Plow,,,Moldboard Plow,Moldboard Plow (Reg),MLDBOARD,150.0,0.95,1.0,Tillage,CT,,0.7124999999999999,35,3.0,2012-11-01 00:00:00.000000000,2013-09-30,silage corn,0.7124999999999999,4.012
2013-03-11,JD 7820,189.0,Eversman 2400 Landplane,24',,Landplane,Land Plane–Leveler,LANDLEVL,75.0,0.5,1.0,Tillage (leveling/seedbed),CT,,0.1875,36,3.0,2012-11-01 00:00:00.000000000,2013-09-30,silage corn,0.8999999999999999,4.1995
2013-03-29,JD 7820,189.0,Hawkins 6 Row Bedder,6 row,,Condition Seedbeds,Soil Finisher,SOILFINS,75.0,0.55,1.0,Tillage,CT,,0.20625000000000002,37,3.0,2012-11-01 00:00:00.000000000,2013-09-30,silage corn,1.10625,4.405749999999999
2013-03-29,JD 4455,156.0,Schmizer,,,Cultipack,Culti-packer Pulverizer,CULPKPUL,40.0,0.35,1.0,Tillage/firming pass,CT,,0.06999999999999999,38,3.0,2012-11-01 00:00:00.000000000,2013-09-30,silage corn,1.17625,4.47575
2013-05-13,JD 7820,189.0,7300 6 Row,6 row,,Fertilizer Application,,,,,,,CT,,0.0,39,3.0,2012-11-01 00:00:00.000000000,2013-09-30,silage corn,1.17625,4.47575
2013-05-14,JD 7820,189.0,7300 6 Row,6 row,"I believe these operations are combined, planter with liquid UAN (NOT UREA) put down behind at 5 lbs/acre",Plant Silage Corn,,,,,,,CT,,0.0,40,3.0,2012-11-01 00:00:00.000000000,2013-09-30,silage corn,1.17625,4.47575
2013-06-02,,,,,,Pesticide Application,—,—,0.0,0.0,0.0,Non-tillage,CT,,0.0,41,3.0,2012-11-01 00:00:00.000000000,2013-09-30,silage corn,1.17625,4.47575
2013-06-19,JD 7820,189.0,6 row Orthman Cultivator 8375,6 row,,Fertilizer Application/Cultivate,,,,,,,CT,,0.0,42,3.0,2012-11-01 00:00:00.000000000,2013-09-30,silage corn,1.17625,4.47575
2013-07-24,,,,,,Pesticide Application,—,—,0.0,0.0,0.0,Non-tillage,CT,,0.0,43,3.0,2012-11-01 00:00:00.000000000,2013-09-30,silage corn,1.17625,4.47575
2013-09-30,JD 7980 Forage Harvester,,Kraft,,,Harvest Silage Corn,,,,,,,CT,,0.0,44,3.0,2012-11-01 00:00:00.000000000,2013-09-30,silage corn,1.17625,4.47575
2013-10-02,JD 7820,189.0,JD 640 Disc,15',,Vertical Disc,One-Way (Disk Tiller),ONE-WAYT,100.0,0.6,1.0,Tillage (vertical-disc proxy),CT,,0.3,45,4.0,2013-09-30 00:00:00.000000000,2014-12-02,grain corn,0.3,4.7757499999999995
2013-10-09,JD 8310,205.0,Case 165 6 Bottom Plow,,,Moldboard Plow,Moldboard Plow (Reg),MLDBOARD,150.0,0.95,1.0,Tillage,CT,,0.7124999999999999,46,4.0,2013-09-30 00:00:00.000000000,2014-12-02,grain corn,1.0125,5.48825
2013-11-18,JD 8310,205.0,Brillon Mulcher,25',,Cultimulch,Culti-mulch Roller,CULMULCH,25.0,0.25,1.0,Tillage (Brillion/Dunham/Schmeiser),CT,,0.03125,47,4.0,2013-09-30 00:00:00.000000000,2014-12-02,grain corn,1.04375,5.5195
2014-03-20,JD 4455,156.0,Dunham Lehr Mulcher,15',,Cultimulch,Culti-mulch Roller,CULMULCH,25.0,0.25,1.0,Tillage (Brillion/Dunham/Schmeiser),CT,,0.03125,48,4.0,2013-09-30 00:00:00.000000000,2014-12-02,grain corn,1.075,5.55075
2014-03-27,JD 8310,205.0,Eversman 2400 Landplane,24',,Landplane,Land Plane–Leveler,LANDLEVL,75.0,0.5,1.0,Tillage (leveling/seedbed),CT,,0.1875,49,4.0,2013-09-30 00:00:00.000000000,2014-12-02,grain corn,1.2625,5.73825
2014-04-03,JD 8310,205.0,JD 915 V Ripper,~ 18.75 - 22.5 ft,,Vertical Ripper,V-Ripper,VRIPPER,350.0,0.25,1.0,Tillage,CT,,0.4375,50,4.0,2013-09-30 00:00:00.000000000,2014-12-02,grain corn,1.7,6.17575
2014-04-11,JD 8310,205.0,Brillon Mulcher,15',,Cultimulch,Culti-mulch Roller,CULMULCH,25.0,0.25,1.0,Tillage (Brillion/Dunham/Schmeiser),CT,,0.03125,51,4.0,2013-09-30 00:00:00.000000000,2014-12-02,grain corn,1.73125,6.207
2014-04-11,JD 4440,144.0,Schmizer,,,Cultimulch,Culti-mulch Roller,CULMULCH,25.0,0.25,1.0,Tillage (Brillion/Dunham/Schmeiser),CT,,0.03125,53,4.0,2013-09-30 00:00:00.000000000,2014-12-02,grain corn,1.7625,6.23825
2014-04-11,JD 7820,189.0,Hawkins 6 Row Bedder,6 rows,,Seedbed Conditioner,Soil Finisher,SOILFINS,75.0,0.55,1.0,"Tillage (Hawkins bedder when conditioning, not shaping beds)",CT,,0.20625000000000002,52,4.0,2013-09-30 00:00:00.000000000,2014-12-02,grain corn,1.96875,6.4445
2014-05-06,JD 7820,189.0,7300 6 row,6 row,,Plant Grain Corn,,,,,,,CT,,0.0,54,4.0,2013-09-30 00:00:00.000000000,2014-12-02,grain corn,1.96875,6.4445
2014-06-03,,,,,,Pesticide Application,—,—,0.0,0.0,0.0,Non-tillage,CT,,0.0,55,4.0,2013-09-30 00:00:00.000000000,2014-12-02,grain corn,1.96875,6.4445
2014-06-25,JD 7820,180.0,6 row Orthman Cultivator 8375,6 row,,Cultivate,Row Cultivator,ROWCULT,25.0,0.25,0.7,Tillage (between rows),CT,,0.021875,56,4.0,2013-09-30 00:00:00.000000000,2014-12-02,grain corn,1.9906249999999999,6.466374999999999
2014-12-02,,,JD 568 Round Baler 5x6,,,Bale,,,,,,,CT,,0.0,59,4.0,2013-09-30 00:00:00.000000000,2014-12-02,grain corn,1.9906249999999999,6.466374999999999
2014-12-02,1660 Combine,,,,"Maybe custom this? Or say a combine, the same we use the next year",Harvest Grain Corn,,,,,,,CT,,0.0,57,4.0,2013-09-30 00:00:00.000000000,2014-12-02,grain corn,1.9906249999999999,6.466374999999999
2014-12-02,,,Alloway Flail Shredder,,,Shred Stalks,,,,,,,CT,,0.0,58,4.0,2013-09-30 00:00:00.000000000,2014-12-02,grain corn,1.9906249999999999,6.466374999999999
2015-03-23,JD 7820,180.0,JD 640 Disc,15',,Disc,Tandem Disk (Reg),TANDEMRG,75.0,0.6,1.0,Tillage,CT,,0.22499999999999998,60,5.0,2014-12-02 00:00:00.000000000,2015-11-16,grain corn,0.22499999999999998,6.691375
2015-03-23,JD 8310,205.0,Case 165 6 Bottom Plow,,,Moldboard Plow,Moldboard Plow (Reg),MLDBOARD,150.0,0.95,1.0,Tillage,CT,,0.7124999999999999,61,5.0,2014-12-02 00:00:00.000000000,2015-11-16,grain corn,0.9374999999999999,7.403874999999999
2015-03-27,JD 4440,144.0,Dunham Lehr Mulcher,15',,Cultimulch,Culti-mulch Roller,CULMULCH,25.0,0.25,1.0,Tillage (Brillion/Dunham/Schmeiser),CT,,0.03125,62,5.0,2014-12-02 00:00:00.000000000,2015-11-16,grain corn,0.9687499999999999,7.435124999999999
2015-04-14,JD 4440,144.0,Dunham Lehr Mulcher,15',,Cultimulch,Culti-mulch Roller,CULMULCH,25.0,0.25,1.0,Tillage (Brillion/Dunham/Schmeiser),CT,,0.03125,64,5.0,2014-12-02 00:00:00.000000000,2015-11-16,grain corn,0.9999999999999999,7.466374999999999
2015-04-14,JD 6400,100.0,PV COOP Spreader Cart,,,Fertilizer Application,,,,,,,CT,,0.0,65,5.0,2014-12-02 00:00:00.000000000,2015-11-16,grain corn,0.9999999999999999,7.466374999999999
2015-04-14,JD 7820,189.0,Hawkins 6 Row Bedder,6 row,,Seedbed condition,,,,,,,CT,,0.0,63,5.0,2014-12-02 00:00:00.000000000,2015-11-16,grain corn,0.9999999999999999,7.466374999999999
2015-04-30,JD 7820,189.0,7300 6 row,6 row,,Plant Grain Corn,,,,,,,CT,,0.0,66,5.0,2014-12-02 00:00:00.000000000,2015-11-16,grain corn,0.9999999999999999,7.466374999999999
2015-06-09,,,,,,Pesticide Application,—,—,0.0,0.0,0.0,Non-tillage,CT,,0.0,67,5.0,2014-12-02 00:00:00.000000000,2015-11-16,grain corn,0.9999999999999999,7.466374999999999
2015-06-24,JD 4455,156.0,Eversman 6 row Cultivator,6 row,,Cultivate,Row Cultivator,ROWCULT,25.0,0.25,0.7,Tillage (between rows),CT,,0.021875,68,5.0,2014-12-02 00:00:00.000000000,2015-11-16,grain corn,1.0218749999999999,7.48825
2015-11-16,1660 Combine,,,,,Harvest Grain Corn,,,,,,,CT,,0.0,69,5.0,2014-12-02 00:00:00.000000000,2015-11-16,grain corn,1.0218749999999999,7.48825
2015-11-23,,,JD 568 Round Baler 5x6,,,Bale Stalks,,,,,,,CT,,0.0,71,6.0,2015-11-16 00:00:00.000000000,2016-07-25,barley,0.0,7.48825
2015-11-23,,,Alloway Flail Shredder,,,Shred Stalks,,,,,,,CT,,0.0,70,6.0,2015-11-16 00:00:00.000000000,2016-07-25,barley,0.0,7.48825
2015-12-11,JD 4455,156.0,2 Shank Deep Ripper,,,Deep Ripper,Deep Ripper–Subsoiler,RIPRSUBS,350.0,0.25,1.0,Tillage (use VRIPPER 350/0.25 if V-ripper specified),CT,,0.4375,73,6.0,2015-11-16 00:00:00.000000000,2016-07-25,barley,0.4375,7.92575
2015-12-11,JD 8310,205.0,Case 165 6 Bottom Plow,,,Moldboard Plow,Moldboard Plow (Reg),MLDBOARD,150.0,0.95,1.0,Tillage,CT,,0.7124999999999999,75,6.0,2015-11-16 00:00:00.000000000,2016-07-25,barley,1.15,8.63825
2015-12-11,JD 8345R,345.0,Landoll VT - Kraft,,"Don't know the tractor, but I say the one I use later. I'll end up combining implements anyway",Vertical Till,One-Way (Disk Tiller),ONE-WAYT,100.0,0.6,1.0,Tillage (VT proxy; use OFFSETLT 100/0.55 if very light),CT,,0.3,74,6.0,2015-11-16 00:00:00.000000000,2016-07-25,barley,1.45,8.93825
2016-02-22,JD 8310,205.0,Brillon Mulcher,15',,Cultimulch,Culti-mulch Roller,CULMULCH,25.0,0.25,1.0,Tillage (Brillion/Dunham/Schmeiser),CT,,0.03125,76,6.0,2015-11-16 00:00:00.000000000,2016-07-25,barley,1.48125,8.9695
2016-02-24,JD 8310,205.0,Eversman 2400 Landplane,24',,Landplane,Land Plane–Leveler,LANDLEVL,75.0,0.5,1.0,Tillage (leveling/seedbed),CT,,0.1875,77,6.0,2015-11-16 00:00:00.000000000,2016-07-25,barley,1.66875,9.157
2016-03-01,JD 7820,189.0,6 Row Orthoman 1tRIPr,6 row,,Fertilizer Application,,,,,,,CT,,0.0,78,6.0,2015-11-16 00:00:00.000000000,2016-07-25,barley,1.66875,9.157
2016-03-02,JD 7820,189.0,Hawkins 6 Row Bedder,6 row,,Condition Seedbeds,Soil Finisher,SOILFINS,75.0,0.55,1.0,Tillage,CT,,0.20625000000000002,79,6.0,2015-11-16 00:00:00.000000000,2016-07-25,barley,1.875,9.363249999999999
2016-03-02,JD 4450,158.0,Dunham Lehr Mulcher,15',,Cultimulch,Culti-mulch Roller,CULMULCH,25.0,0.25,1.0,Tillage (Brillion/Dunham/Schmeiser),CT,,0.03125,80,6.0,2015-11-16 00:00:00.000000000,2016-07-25,barley,1.90625,9.394499999999999
2016-03-02,JD 4455,156.0,Schmizer,,,Cultipack,Culti-packer Pulverizer,CULPKPUL,40.0,0.35,1.0,Tillage/firming pass,CT,,0.06999999999999999,81,6.0,2015-11-16 00:00:00.000000000,2016-07-25,barley,1.9762499999999998,9.4645
2016-03-03,,,Foundation Seed Drill,,"This wasn't a custom job, but probably makes sense to custom this out",Plant Barley,,,,,,,CT,,0.0,82,6.0,2015-11-16 00:00:00.000000000,2016-07-25,barley,1.9762499999999998,9.4645
2016-05-05,,,,,,Pesticide Application,—,—,0.0,0.0,0.0,Non-tillage,CT,,0.0,83,6.0,2015-11-16 00:00:00.000000000,2016-07-25,barley,1.9762499999999998,9.4645
2016-07-25,1660 Combine,,,,,Harvest Barley,,,,,,,CT,,0.0,84,6.0,2015-11-16 00:00:00.000000000,2016-07-25,barley,1.9762499999999998,9.4645
2016-07-26,,,JD 568 Round Baler 5x6,,,Bale Straw,,,,,,,CT,,0.0,85,7.0,2016-07-25 00:00:00.000000000,2017-10-13,silage corn,0.0,9.4645
2016-09-02,,,,,,Pesticide Application,—,—,0.0,0.0,0.0,Non-tillage,CT,,0.0,86,7.0,2016-07-25 00:00:00.000000000,2017-10-13,silage corn,0.0,9.4645
2016-09-03,,,,,,Pesticide Application,—,—,0.0,0.0,0.0,Non-tillage,CT,,0.0,87,7.0,2016-07-25 00:00:00.000000000,2017-10-13,silage corn,0.0,9.4645
2017-03-10,JD 7820,189.0,Brillon Mulcher,25',,Cultimulch,Culti-mulch Roller,CULMULCH,25.0,0.25,1.0,Tillage (Brillion/Dunham/Schmeiser),CT,,0.03125,89,7.0,2016-07-25 00:00:00.000000000,2017-10-13,silage corn,0.03125,9.49575
2017-03-10,JD 8295R,295.0,Case 165 6 Bottom Plow,,,Moldboard Plow,Moldboard Plow (Reg),MLDBOARD,150.0,0.95,1.0,Tillage,CT,,0.7124999999999999,88,7.0,2016-07-25 00:00:00.000000000,2017-10-13,silage corn,0.7437499999999999,10.20825
2017-03-14,JD 4455,156.0,Brillon Mulcher,15',,Cultimulch,Culti-mulch Roller,CULMULCH,25.0,0.25,1.0,Tillage (Brillion/Dunham/Schmeiser),CT,,0.03125,90,7.0,2016-07-25 00:00:00.000000000,2017-10-13,silage corn,0.7749999999999999,10.2395
2017-03-14,JD 8245R,245.0,Art's Way 2400 Landplane,24',,Landplane,Land Plane–Leveler,LANDLEVL,75.0,0.5,1.0,Tillage (leveling/seedbed),CT,,0.1875,91,7.0,2016-07-25 00:00:00.000000000,2017-10-13,silage corn,0.9624999999999999,10.427
2017-04-10,JD 4440,144.0,Brillon Mulcher,15',,Cultimulch w/ Pre-plant Fertilizer,,,,,,,CT,,0.0,92,7.0,2016-07-25 00:00:00.000000000,2017-10-13,silage corn,0.9624999999999999,10.427
2017-04-13,JD 7820,189.0,Hawkins 6 Row Bedder,6 row,,Condition Seedbeds,Soil Finisher,SOILFINS,75.0,0.55,1.0,Tillage,CT,,0.20625000000000002,93,7.0,2016-07-25 00:00:00.000000000,2017-10-13,silage corn,1.16875,10.633249999999999
2017-04-13,JD 4440,144.0,Brillon Mulcher,15',,Cultimulch,Culti-mulch Roller,CULMULCH,25.0,0.25,1.0,Tillage (Brillion/Dunham/Schmeiser),CT,,0.03125,94,7.0,2016-07-25 00:00:00.000000000,2017-10-13,silage corn,1.2,10.664499999999999
2017-04-19,JD 7820,189.0,7300 6 row,6 row,,Plant Silage Corn,,,,,,,CT,,0.0,95,7.0,2016-07-25 00:00:00.000000000,2017-10-13,silage corn,1.2,10.664499999999999
2017-06-21,JD 7820,189.0,Eversman 1076 6 Row Cultivator,6 row,,Cultivate,Row Cultivator,ROWCULT,25.0,0.25,0.7,Tillage (between rows),CT,,0.021875,96,7.0,2016-07-25 00:00:00.000000000,2017-10-13,silage corn,1.2218749999999998,10.686375
2017-10-13,JD 7980 Forage Harvester,,Kraft,,,Harvest Silage Corn,,,,,,,CT,,0.0,97,7.0,2016-07-25 00:00:00.000000000,2017-10-13,silage corn,1.2218749999999998,10.686375
2017-11-21,JD 8245R,245.0,JD 2623VT,~26.5 - 40.67',,Vertical Till,One-Way (Disk Tiller),ONE-WAYT,100.0,0.6,1.0,Tillage (VT proxy; use OFFSETLT 100/0.55 if very light),CT,,0.3,98,8.0,2017-10-13 00:00:00.000000000,2018-09-04,dry beans,0.3,10.986374999999999
2018-03-23,JD 8295R,295.0,Case 165 6 Bottom Plow,,,Moldboard Plow,Moldboard Plow (Reg),MLDBOARD,150.0,0.95,1.0,Tillage,CT,,0.7124999999999999,99,8.0,2017-10-13 00:00:00.000000000,2018-09-04,dry beans,1.0125,11.698875
2018-03-26,JD 6130R,130.0,Brillion Mulcher,15',,Cultimulch,Culti-mulch Roller,CULMULCH,25.0,0.25,1.0,Tillage (Brillion/Dunham/Schmeiser),CT,,0.03125,100,8.0,2017-10-13 00:00:00.000000000,2018-09-04,dry beans,1.04375,11.730125
2018-04-03,JD 6130R,130.0,Brillon Mulcher,15',,Cultimulch,Culti-mulch Roller,CULMULCH,25.0,0.25,1.0,Tillage (Brillion/Dunham/Schmeiser),CT,,0.03125,101,8.0,2017-10-13 00:00:00.000000000,2018-09-04,dry beans,1.075,11.761375
2018-04-03,JD 8295R,295.0,Art's Way 2400 Landplane,24',,Landplane,Land Plane–Leveler,LANDLEVL,75.0,0.5,1.0,Tillage (leveling/seedbed),CT,,0.1875,102,8.0,2017-10-13 00:00:00.000000000,2018-09-04,dry beans,1.2625,11.948875
2018-04-18,JD 6130R,130.0,Brillon Mulcher,15',,Cultimulch,Culti-mulch Roller,CULMULCH,25.0,0.25,1.0,Tillage (Brillion/Dunham/Schmeiser),CT,,0.03125,103,8.0,2017-10-13 00:00:00.000000000,2018-09-04,dry beans,1.29375,11.980125
2018-05-01,JD 4440,144.0,PV COOP Spreader Cart,,,Fertilizer Application,,,,,,,CT,,0.0,104,8.0,2017-10-13 00:00:00.000000000,2018-09-04,dry beans,1.29375,11.980125
2018-05-15,JD 8295R,295.0,Perfecta Field Cultivator,24',,Cultivate,Row Cultivator,ROWCULT,25.0,0.25,0.7,Tillage (between rows),CT,,0.021875,105,8.0,2017-10-13 00:00:00.000000000,2018-09-04,dry beans,1.315625,12.001999999999999
2018-05-15,,,,,,Pesticide Application,—,—,0.0,0.0,0.0,Non-tillage,CT,,0.0,106,8.0,2017-10-13 00:00:00.000000000,2018-09-04,dry beans,1.315625,12.001999999999999
2018-05-17,JD 7820,189.0,Corrugator #1,,,Corrugator #1,,,,,,,CT,,0.0,107,8.0,2017-10-13 00:00:00.000000000,2018-09-04,dry beans,1.315625,12.001999999999999
2018-05-18,,,JD 1710 Max Emerge 12 Row ,12 row,,Plant Dry Beans,,,,,,,CT,,0.0,108,8.0,2017-10-13 00:00:00.000000000,2018-09-04,dry beans,1.315625,12.001999999999999
2018-06-25,JD 6130R,130.0,Eversman 1076 6 Row Cultivator,6 row,,Cultivate,Row Cultivator,ROWCULT,25.0,0.25,0.7,Tillage (between rows),CT,,0.021875,109,8.0,2017-10-13 00:00:00.000000000,2018-09-04,dry beans,1.3375,12.023874999999999
2018-06-26,JD 4455,156.0,Red Pipe Ditcher,6 row,,Pipe Ditch,,,,,,,CT,,0.0,110,8.0,2017-10-13 00:00:00.000000000,2018-09-04,dry beans,1.3375,12.023874999999999
2018-07-17,JD 6130R,130.0,Eversman 1076 6 Row Cultivator,6 row,,Cultivate,Row Cultivator,ROWCULT,25.0,0.25,0.7,Tillage (between rows),CT,,0.021875,111,8.0,2017-10-13 00:00:00.000000000,2018-09-04,dry beans,1.359375,12.04575
2018-08-30,Pickett 6030 OneStep 6Row,,,,Probably make sense to custom this out,Knife Dry Beans,—,—,0.0,0.0,0.0,Non-tillage (undercutter/knife pre-harvest; treat as zero mixing),CT,,0.0,112,8.0,2017-10-13 00:00:00.000000000,2018-09-04,dry beans,1.359375,12.04575
2018-09-04,Case 1660 Combine,,Case 1660 Combine,,,Harvest Dry Beans,,,,,,,CT,,0.0,113,8.0,2017-10-13 00:00:00.000000000,2018-09-04,dry beans,1.359375,12.04575
2018-09-07,New Holland T8.435,380.0,JD 2623 VT,20',,Vertical Till,One-Way (Disk Tiller),ONE-WAYT,100.0,0.6,1.0,Tillage (VT proxy; use OFFSETLT 100/0.55 if very light),CT,,0.3,114,9.0,2018-09-04 00:00:00.000000000,2019-08-02,winter wheat,0.3,12.345749999999999
2018-09-07,New Holland T8.435,380.0,JD 2623 VT,20',,Vertical Till,One-Way (Disk Tiller),ONE-WAYT,100.0,0.6,1.0,Tillage (VT proxy; use OFFSETLT 100/0.55 if very light),CT,,0.3,115,9.0,2018-09-04 00:00:00.000000000,2019-08-02,winter wheat,0.6,12.64575
2018-09-10,,,,,,Severe Hail Damage,—,—,0.0,0.0,0.0,Event marker (no operation),CT,,0.0,116,9.0,2018-09-04 00:00:00.000000000,2019-08-02,winter wheat,0.6,12.64575
2018-09-14,JD 8245R,245.0,Hawkins 6 Row Bedder,6 row,,Condition Seedbeds,Soil Finisher,SOILFINS,75.0,0.55,1.0,Tillage,CT,,0.20625000000000002,118,9.0,2018-09-04 00:00:00.000000000,2019-08-02,winter wheat,0.80625,12.851999999999999
2018-09-14,JD 7820,189.0,Brillon Mulcher,25',,Cultimulch,Culti-mulch Roller,CULMULCH,25.0,0.25,1.0,Tillage (Brillion/Dunham/Schmeiser),CT,,0.03125,117,9.0,2018-09-04 00:00:00.000000000,2019-08-02,winter wheat,0.8375,12.883249999999999
2018-09-14,JD 4455,156.0,Schmizer,,,Cultipack,Culti-packer Pulverizer,CULPKPUL,40.0,0.35,1.0,Tillage/firming pass,CT,,0.06999999999999999,119,9.0,2018-09-04 00:00:00.000000000,2019-08-02,winter wheat,0.9075,12.953249999999999
2018-09-14,JD 4440,144.0,Simplot Spreader Cart,,,Fertilizer Application,,,,,,,CT,,0.0,120,9.0,2018-09-04 00:00:00.000000000,2019-08-02,winter wheat,0.9075,12.953249999999999
2018-09-15,,,Great Plains Drill,4 row,Custom this out,Drill Wheat,,,,,,,CT,,0.0,121,9.0,2018-09-04 00:00:00.000000000,2019-08-02,winter wheat,0.9075,12.953249999999999
2019-04-24,,,,,,Pesticide Application,—,—,0.0,0.0,0.0,Non-tillage,CT,,0.0,122,9.0,2018-09-04 00:00:00.000000000,2019-08-02,winter wheat,0.9075,12.953249999999999
2019-05-31,,,,,,Pesticide Application,—,—,0.0,0.0,0.0,Non-tillage,CT,,0.0,123,9.0,2018-09-04 00:00:00.000000000,2019-08-02,winter wheat,0.9075,12.953249999999999
2019-06-26,,,,,,Pesticide Application*,,,,,,,CT,,0.0,124,9.0,2018-09-04 00:00:00.000000000,2019-08-02,winter wheat,0.9075,12.953249999999999
2019-06-27,,,,,,Pesticide Application*,,,,,,,CT,,0.0,125,9.0,2018-09-04 00:00:00.000000000,2019-08-02,winter wheat,0.9075,12.953249999999999
2019-07-18,,,,,,Pesticide Application,—,—,0.0,0.0,0.0,Non-tillage,CT,,0.0,126,9.0,2018-09-04 00:00:00.000000000,2019-08-02,winter wheat,0.9075,12.953249999999999
2019-07-19,,,,,,Pesticide Application,—,—,0.0,0.0,0.0,Non-tillage,CT,,0.0,127,9.0,2018-09-04 00:00:00.000000000,2019-08-02,winter wheat,0.9075,12.953249999999999
2019-07-23,,,,,,Pesticide Application,—,—,0.0,0.0,0.0,Non-tillage,CT,,0.0,128,9.0,2018-09-04 00:00:00.000000000,2019-08-02,winter wheat,0.9075,12.953249999999999
2019-08-02,Case 2166 Combine,,,,"Maybe custom this? Or say a combine, the same we use the next year",Harvest Wheat,,,,,,,CT,,0.0,129,9.0,2018-09-04 00:00:00.000000000,2019-08-02,winter wheat,0.9075,12.953249999999999
2019-08-03,,,JD 568 Round Baler 5x6,,,Chop + Bale Straw,,,,,,,CT,,0.0,130,10.0,2019-08-02 00:00:00.000000000,2020-10-09,grain corn,0.0,12.953249999999999
2019-10-07,,,,,,Pesticide Application,—,—,0.0,0.0,0.0,Non-tillage,CT,,0.0,131,10.0,2019-08-02 00:00:00.000000000,2020-10-09,grain corn,0.0,12.953249999999999
2019-11-08,JD 8345R,245.0,Landoll 7530 VT Plus Disc,~26' +,,Vertical Till,One-Way (Disk Tiller),ONE-WAYT,100.0,0.6,1.0,Tillage (VT proxy; use OFFSETLT 100/0.55 if very light),CT,,0.3,132,10.0,2019-08-02 00:00:00.000000000,2020-10-09,grain corn,0.3,13.25325
2019-11-20,New Holland T8.435,380.0,Great Plains Subsoiler,~20',,Subsoil Rip,Deep Ripper–Subsoiler,RIPRSUBS,350.0,0.25,1.0,Tillage,CT,,0.4375,133,10.0,2019-08-02 00:00:00.000000000,2020-10-09,grain corn,0.7375,13.69075
2019-11-23,JD 8295R,295.0,Case 165 6 Bottom Plow,,,Moldboard Plow,Moldboard Plow (Reg),MLDBOARD,150.0,0.95,1.0,Tillage,CT,,0.7124999999999999,134,10.0,2019-08-02 00:00:00.000000000,2020-10-09,grain corn,1.45,14.40325
2019-11-24,JD 7820,189.0,Brillon Mulcher,25',,Cultimulch,Culti-mulch Roller,CULMULCH,25.0,0.25,1.0,Tillage (Brillion/Dunham/Schmeiser),CT,,0.03125,135,10.0,2019-08-02 00:00:00.000000000,2020-10-09,grain corn,1.48125,14.4345
2019-11-25,JD 8295R,295.0,Art's Way 2400 Landplane,24',,Landplane,Land Plane–Leveler,LANDLEVL,75.0,0.5,1.0,Tillage (leveling/seedbed),CT,,0.1875,136,10.0,2019-08-02 00:00:00.000000000,2020-10-09,grain corn,1.66875,14.622
2020-04-01,JD 6125R,125.0,PV COOP Spreader Cart,,Looks to be combined with the strip tiller,Fertilizer Application,,,,,,,CT,,0.0,137,10.0,2019-08-02 00:00:00.000000000,2020-10-09,grain corn,1.66875,14.622
2020-04-09,JD 7820,189.0,Hawkins 6 Row Bedder,6 row,,Condition Seedbeds,Soil Finisher,SOILFINS,75.0,0.55,1.0,Tillage,CT,,0.20625000000000002,138,10.0,2019-08-02 00:00:00.000000000,2020-10-09,grain corn,1.875,14.828249999999999
2020-04-09,JD 7820,189.0,Schmizer,,,Cultipack,Culti-packer Pulverizer,CULPKPUL,40.0,0.35,1.0,Tillage/firming pass,CT,,0.06999999999999999,139,10.0,2019-08-02 00:00:00.000000000,2020-10-09,grain corn,1.945,14.898249999999999
2020-04-28,JD 6130R,130.0,Monosem NG+4 6 Row,6 row,,Plant Grain Corn,,,,,,,CT,,0.0,140,10.0,2019-08-02 00:00:00.000000000,2020-10-09,grain corn,1.945,14.898249999999999
2020-04-30,,,,,,Pesticide Application,—,—,0.0,0.0,0.0,Non-tillage,CT,,0.0,141,10.0,2019-08-02 00:00:00.000000000,2020-10-09,grain corn,1.945,14.898249999999999
2020-06-02,,,,,,Pesticide Application,—,—,0.0,0.0,0.0,Non-tillage,CT,,0.0,142,10.0,2019-08-02 00:00:00.000000000,2020-10-09,grain corn,1.945,14.898249999999999
2020-06-17,,,,,,Pesticide Application,—,—,0.0,0.0,0.0,Non-tillage,CT,,0.0,143,10.0,2019-08-02 00:00:00.000000000,2020-10-09,grain corn,1.945,14.898249999999999
2020-06-19,JD 7820,189.0,Red Pipe Ditcher,6 row,,Pipe Ditcher,,,,,,,CT,,0.0,144,10.0,2019-08-02 00:00:00.000000000,2020-10-09,grain corn,1.945,14.898249999999999
2020-10-09,Case 2166 Combine,,,,,Harvest Grain Corn,,,,,,,CT,,0.0,145,10.0,2019-08-02 00:00:00.000000000,2020-10-09,grain corn,1.945,14.898249999999999
2020-10-21,,,JD 568 Round Baler 5x6,,,Bale,,,,,,,CT,,0.0,147,11.0,2020-10-09 00:00:00.000000000,2021-10-22,grain corn,0.0,14.898249999999999
2020-10-21,,,Hiniker Flail Shredder/Windrower 6 Row,6 row,,Shred Stalks,,,,,,,CT,,0.0,146,11.0,2020-10-09 00:00:00.000000000,2021-10-22,grain corn,0.0,14.898249999999999
2020-10-22,JD 8245R,245.0,Landoll 7530 VT Plus Disc,~26' +,,Vertical Till,One-Way (Disk Tiller),ONE-WAYT,100.0,0.6,1.0,Tillage (VT proxy; use OFFSETLT 100/0.55 if very light),CT,,0.3,148,11.0,2020-10-09 00:00:00.000000000,2021-10-22,grain corn,0.3,15.19825
2021-03-08,JD 8245R,245.0,Landoll 7530 VT Plus Disc,~26' +,,Vertical Till,One-Way (Disk Tiller),ONE-WAYT,100.0,0.6,1.0,Tillage (VT proxy; use OFFSETLT 100/0.55 if very light),CT,,0.3,149,11.0,2020-10-09 00:00:00.000000000,2021-10-22,grain corn,0.6,15.498249999999999
2021-03-09,JD 8295R,295.0,Case 165 6 Bottom Plow,,,Moldboard Plow,Moldboard Plow (Reg),MLDBOARD,150.0,0.95,1.0,Tillage,CT,,0.7124999999999999,150,11.0,2020-10-09 00:00:00.000000000,2021-10-22,grain corn,1.3125,16.210749999999997
2021-03-11,JD 6155R,155.0,Brillon Mulcher,15',,Cultimulch,Culti-mulch Roller,CULMULCH,25.0,0.25,1.0,Tillage (Brillion/Dunham/Schmeiser),CT,,0.03125,151,11.0,2020-10-09 00:00:00.000000000,2021-10-22,grain corn,1.34375,16.241999999999997
2021-03-11,JD 8295R,295.0,Art's Way 2400 Landplane,24',,Landplane,Land Plane–Leveler,LANDLEVL,75.0,0.5,1.0,Tillage (leveling/seedbed),CT,,0.1875,152,11.0,2020-10-09 00:00:00.000000000,2021-10-22,grain corn,1.53125,16.429499999999997
2021-03-12,JD 6155R,155.0,Brillon Mulcher,15',,Cultimulch,Culti-mulch Roller,CULMULCH,25.0,0.25,1.0,Tillage (Brillion/Dunham/Schmeiser),CT,,0.03125,153,11.0,2020-10-09 00:00:00.000000000,2021-10-22,grain corn,1.5625,16.460749999999997
2021-04-07,JD 6155R,155.0,Brillon Mulcher,25',,Cultimulch,Culti-mulch Roller,CULMULCH,25.0,0.25,1.0,Tillage (Brillion/Dunham/Schmeiser),CT,,0.03125,154,11.0,2020-10-09 00:00:00.000000000,2021-10-22,grain corn,1.59375,16.491999999999997
2021-04-08,JD 6125R,125.0,PV COOP Spreader Cart,,,Fertilizer Application,,,,,,,CT,,0.0,155,11.0,2020-10-09 00:00:00.000000000,2021-10-22,grain corn,1.59375,16.491999999999997
2021-04-09,JD 6155R,155.0,Hawkins 6 Row Bedder,6 row,,Condition Seedbeds,Soil Finisher,SOILFINS,75.0,0.55,1.0,Tillage,CT,,0.20625000000000002,156,11.0,2020-10-09 00:00:00.000000000,2021-10-22,grain corn,1.7999999999999998,16.698249999999998
2021-04-09,JD 8245R,245.0,Perfecta Field Cultivator,24',,Cultivate,Row Cultivator,ROWCULT,25.0,0.25,0.7,Tillage (between rows),CT,,0.021875,157,11.0,2020-10-09 00:00:00.000000000,2021-10-22,grain corn,1.821875,16.720125
2021-04-12,JD 6130R,130.0,Schmizer,,,Cultipack,Culti-packer Pulverizer,CULPKPUL,40.0,0.35,1.0,Tillage/firming pass,CT,,0.06999999999999999,158,11.0,2020-10-09 00:00:00.000000000,2021-10-22,grain corn,1.891875,16.790125
2021-04-13,JD 6130R,130.0,Schmizer,,,Cultipack,Culti-packer Pulverizer,CULPKPUL,40.0,0.35,1.0,Tillage/firming pass,CT,,0.06999999999999999,159,11.0,2020-10-09 00:00:00.000000000,2021-10-22,grain corn,1.9618749999999998,16.860125
2021-04-27,JD 6130R,130.0,Monosem NG+4 6 Row,6 row,,Plant Grain Corn,,,,,,,CT,,0.0,160,11.0,2020-10-09 00:00:00.000000000,2021-10-22,grain corn,1.9618749999999998,16.860125
2021-05-25,,,,,,Pesticide Application,—,—,0.0,0.0,0.0,Non-tillage,CT,,0.0,161,11.0,2020-10-09 00:00:00.000000000,2021-10-22,grain corn,1.9618749999999998,16.860125
2021-06-10,,,,,,Fertilizer Application,,,,,,,CT,,0.0,162,11.0,2020-10-09 00:00:00.000000000,2021-10-22,grain corn,1.9618749999999998,16.860125
2021-06-18,JD 6195R,195.0,Red Pipe Ditcher,6 row,,Clean Furrows,Furrow-out Cultivator,FUROWOUT,25.0,0.75,0.17,Tillage,CT,,0.0159375,164,11.0,2020-10-09 00:00:00.000000000,2021-10-22,grain corn,1.9778125,16.8760625
2021-06-18,JD 6130R,130.0,Eversman 1076 6 Row Cultivator,6 row,,Cultivate,Row Cultivator,ROWCULT,25.0,0.25,0.7,Tillage (between rows),CT,,0.021875,163,11.0,2020-10-09 00:00:00.000000000,2021-10-22,grain corn,1.9996874999999998,16.897937499999998
2021-07-23,,,,,,Pesticide and Fertilizer Application,,,,,,,CT,,0.0,165,11.0,2020-10-09 00:00:00.000000000,2021-10-22,grain corn,1.9996874999999998,16.897937499999998
2021-10-22,Case 2166 Combine,,,,,Harvest Grain,,,,,,,CT,,0.0,166,11.0,2020-10-09 00:00:00.000000000,2021-10-22,grain corn,1.9996874999999998,16.897937499999998
2021-10-29,,,JD 568 Round Baler 5x6,,,Bale,,,,,,,CT,,0.0,168,12.0,2021-10-22 00:00:00.000000000,2022-10-24,grain corn,0.0,16.897937499999998
2021-10-29,,,Hiniker Flail Shredder/Windrower 6 Row,6 row,,Shred and Chop,,,,,,,CT,,0.0,167,12.0,2021-10-22 00:00:00.000000000,2022-10-24,grain corn,0.0,16.897937499999998
2021-11-23,JD 8245R,245.0,Landoll 7530 VT Plus Disc,~26' +,,Vertical Till,One-Way (Disk Tiller),ONE-WAYT,100.0,0.6,1.0,Tillage (VT proxy; use OFFSETLT 100/0.55 if very light),CT,,0.3,169,12.0,2021-10-22 00:00:00.000000000,2022-10-24,grain corn,0.3,17.1979375
2021-11-25,JD 8245R,245.0,Landoll 7530 VT Plus Disc,~26' +,,Vertical Till,One-Way (Disk Tiller),ONE-WAYT,100.0,0.6,1.0,Tillage (VT proxy; use OFFSETLT 100/0.55 if very light),CT,,0.3,170,12.0,2021-10-22 00:00:00.000000000,2022-10-24,grain corn,0.6,17.4979375
2021-11-29,New Holland T8.435,380.0,Great Plains Subsoiler,,,Subsoil Rip,Deep Ripper–Subsoiler,RIPRSUBS,350.0,0.25,1.0,Tillage,CT,,0.4375,171,12.0,2021-10-22 00:00:00.000000000,2022-10-24,grain corn,1.0375,17.9354375
2021-11-30,JD 6155R,155.0,Brillon Mulcher,15',,Cultimulch,Culti-mulch Roller,CULMULCH,25.0,0.25,1.0,Tillage (Brillion/Dunham/Schmeiser),CT,,0.03125,173,12.0,2021-10-22 00:00:00.000000000,2022-10-24,grain corn,1.06875,17.9666875
2021-11-30,JD 8295R,295.0,Case 165 6 Bottom Plow,,,Moldboard Plow,Moldboard Plow (Reg),MLDBOARD,150.0,0.95,1.0,Tillage,CT,,0.7124999999999999,172,12.0,2021-10-22 00:00:00.000000000,2022-10-24,grain corn,1.78125,18.679187499999998
2021-12-03,JD 6195R,195.0,Brillon Mulcher,25',,Cultimulch,Culti-mulch Roller,CULMULCH,25.0,0.25,1.0,Tillage (Brillion/Dunham/Schmeiser),CT,,0.03125,175,12.0,2021-10-22 00:00:00.000000000,2022-10-24,grain corn,1.8125,18.710437499999998
2021-12-03,JD 8295R,295.0,Art's Way 2400 Landplane,24',,Landplane,Land Plane–Leveler,LANDLEVL,75.0,0.5,1.0,Tillage (leveling/seedbed),CT,,0.1875,174,12.0,2021-10-22 00:00:00.000000000,2022-10-24,grain corn,2.0,18.897937499999998
2022-04-11,JD 8245R,245.0,Hawkins 6 Row Bedder,6 row,,Condition Seedbeds,Soil Finisher,SOILFINS,75.0,0.55,1.0,Tillage,CT,,0.20625000000000002,177,12.0,2021-10-22 00:00:00.000000000,2022-10-24,grain corn,2.20625,19.1041875
2022-04-11,JD 6130R,130.0,Perfecta Field Cultivator,15',,Cultivate,Row Cultivator,ROWCULT,25.0,0.25,0.7,Tillage (between rows),CT,,0.021875,176,12.0,2021-10-22 00:00:00.000000000,2022-10-24,grain corn,2.228125,19.1260625
2022-04-11,JD 6125R,125.0,Loader Agfinity Spreader Cart,,,Fertilizer Application,,,,,,,CT,,0.0,178,12.0,2021-10-22 00:00:00.000000000,2022-10-24,grain corn,2.228125,19.1260625
2022-04-12,JD 6130R,130.0,Schmizer,,,Cultipack,Culti-packer Pulverizer,CULPKPUL,40.0,0.35,1.0,Tillage/firming pass,CT,,0.06999999999999999,179,12.0,2021-10-22 00:00:00.000000000,2022-10-24,grain corn,2.2981249999999998,19.1960625
2022-04-29,JD 6130R,130.0,Monosem NG+4 6 row,6 row,,Plant Grain Corn w/ Optistart Gold,,,,,,,CT,,0.0,180,12.0,2021-10-22 00:00:00.000000000,2022-10-24,grain corn,2.2981249999999998,19.1960625
2022-06-07,,,,,,Pesticide Application,—,—,0.0,0.0,0.0,Non-tillage,CT,,0.0,181,12.0,2021-10-22 00:00:00.000000000,2022-10-24,grain corn,2.2981249999999998,19.1960625
2022-06-13,JD 6125R,125.0,Red Pipe Ditcher,6 row,,Clean Furrows,Furrow-out Cultivator,FUROWOUT,25.0,0.75,0.17,Tillage,CT,,0.0159375,183,12.0,2021-10-22 00:00:00.000000000,2022-10-24,grain corn,2.3140625,19.212
2022-06-13,JD 8295R,295.0,Hiniker 6 row cultivator,6 row,,Cultivate,Row Cultivator,ROWCULT,25.0,0.25,0.7,Tillage (between rows),CT,,0.021875,182,12.0,2021-10-22 00:00:00.000000000,2022-10-24,grain corn,2.3359375,19.233874999999998
2022-06-13,JD 6195R,195.0,Yetter 12 row liquid applicator ,12 row,,Fertilizer Application,,,,,,,CT,,0.0,184,12.0,2021-10-22 00:00:00.000000000,2022-10-24,grain corn,2.3359375,19.233874999999998
2022-10-24,Case 2166 Combine,,,,,Harvest Grain,,,,,,,CT,,0.0,185,12.0,2021-10-22 00:00:00.000000000,2022-10-24,grain corn,2.3359375,19.233874999999998
2022-11-02,,,JD 560M Round Baler,,,Chop and Bale,,,,,,,CT,,0.0,187,13.0,2022-10-24 00:00:00.000000000,2023-09-08,silage corn,0.0,19.233874999999998
2022-11-02,,,Hiniker Flail Shredder/Windrower 6 Row,6 row,,Shred and Windrow,,,,,,,CT,,0.0,186,13.0,2022-10-24 00:00:00.000000000,2023-09-08,silage corn,0.0,19.233874999999998
2022-11-10,JD 8295R,295.0,Case 165 6 Bottom Plow,,,Moldboard Plow,Moldboard Plow (Reg),MLDBOARD,150.0,0.95,1.0,Tillage,CT,,0.7124999999999999,188,13.0,2022-10-24 00:00:00.000000000,2023-09-08,silage corn,0.7124999999999999,19.946375
2022-11-10,JD 8245R,245.0,Landoll 7530 VT Plus Disc,~26' +,,Vertical Till,One-Way (Disk Tiller),ONE-WAYT,100.0,0.6,1.0,Tillage (VT proxy; use OFFSETLT 100/0.55 if very light),CT,,0.3,189,13.0,2022-10-24 00:00:00.000000000,2023-09-08,silage corn,1.0125,20.246375
2022-11-11,JD 6155R,155.0,Brillon Mulcher,25',,Cultimulch,Culti-mulch Roller,CULMULCH,25.0,0.25,1.0,Tillage (Brillion/Dunham/Schmeiser),CT,,0.03125,190,13.0,2022-10-24 00:00:00.000000000,2023-09-08,silage corn,1.04375,20.277625
2023-03-16,JD 6155R,155.0,Brillon Mulcher,15',,Cultimulch,Culti-mulch Roller,CULMULCH,25.0,0.25,1.0,Tillage (Brillion/Dunham/Schmeiser),CT,,0.03125,191,13.0,2022-10-24 00:00:00.000000000,2023-09-08,silage corn,1.075,20.308875
2023-03-20,JD 8295R,295.0,Art's Way 2400 Landplane,24',,Landplane,Land Plane–Leveler,LANDLEVL,75.0,0.5,1.0,Tillage (leveling/seedbed),CT,,0.1875,192,13.0,2022-10-24 00:00:00.000000000,2023-09-08,silage corn,1.2625,20.496375
2023-04-13,JD 8245R,245.0,Hawkins 6 Row Bedder,6 row,,Condition Seedbeds,Soil Finisher,SOILFINS,75.0,0.55,1.0,Tillage,CT,,0.20625000000000002,194,13.0,2022-10-24 00:00:00.000000000,2023-09-08,silage corn,1.46875,20.702624999999998
2023-04-13,JD 6195R,195.0,Brillon Mulcher,25',,Cultimulch,Culti-mulch Roller,CULMULCH,25.0,0.25,1.0,Tillage (Brillion/Dunham/Schmeiser),CT,,0.03125,193,13.0,2022-10-24 00:00:00.000000000,2023-09-08,silage corn,1.5,20.733874999999998
2023-04-13,JD 6125R,125.0,PV COOP Spreader Cart,,,Fertilizer Application,,,,,,,CT,,0.0,195,13.0,2022-10-24 00:00:00.000000000,2023-09-08,silage corn,1.5,20.733874999999998
2023-04-14,JD 6130R,130.0,Schmizer,,,Cultipack,Culti-packer Pulverizer,CULPKPUL,40.0,0.35,1.0,Tillage/firming pass,CT,,0.06999999999999999,196,13.0,2022-10-24 00:00:00.000000000,2023-09-08,silage corn,1.5699999999999998,20.803874999999998
2023-05-02,JD 6195R,195.0,JD 7300 6 Row,6 row,,Fertilizer Application,,,,,,,CT,,0.0,197,13.0,2022-10-24 00:00:00.000000000,2023-09-08,silage corn,1.5699999999999998,20.803874999999998
2023-05-02,JD 6195R,195.0,JD 7300 6 Row,6 row,"This is one operation, planting with an optistart addition",Plant Silage Corn,,,,,,,CT,,0.0,198,13.0,2022-10-24 00:00:00.000000000,2023-09-08,silage corn,1.5699999999999998,20.803874999999998
2023-05-31,,,,,,Pesticide Application,—,—,0.0,0.0,0.0,Non-tillage,CT,,0.0,199,13.0,2022-10-24 00:00:00.000000000,2023-09-08,silage corn,1.5699999999999998,20.803874999999998
2023-06-26,JD 8245R,245.0,Yetter 12 row liquid applicator ,12 row,"This is labelled pre-plant, but obviously comes quite a bit later. I think we're also putting this on a cultivator",Fertilizer Application,,,,,,,CT,,0.0,200,13.0,2022-10-24 00:00:00.000000000,2023-09-08,silage corn,1.5699999999999998,20.803874999999998
2023-06-28,JD 6155R,155.0,Hiniker 6 row cultivator,6 row,,Cultivate,Row Cultivator,ROWCULT,25.0,0.25,0.7,Tillage (between rows),CT,,0.021875,201,13.0,2022-10-24 00:00:00.000000000,2023-09-08,silage corn,1.591875,20.82575
2023-06-28,JD 6125R,125.0,Red Piper Ditcher 6 Row,6 row,,Pipe Ditch,,,,,,,CT,,0.0,202,13.0,2022-10-24 00:00:00.000000000,2023-09-08,silage corn,1.591875,20.82575
2023-09-08,Custom Silage Harvester,,,,,Harvest Silage Corn,,,,,,,CT,,0.0,203,13.0,2022-10-24 00:00:00.000000000,2023-09-08,silage corn,1.591875,20.82575
2023-09-12,JD 6125R,125.0,PV COOP Spreader Cart,,,Fertilizer Application,,,,,,,CT,,0.0,205,14.0,2023-09-08 00:00:00.000000000,2024-08-02,winter wheat,0.0,20.82575
2023-09-12,JD 8295R,295.0,Landoll 7530 VT Plus Disc,~ 26' +,,Vertical Till,One-Way (Disk Tiller),ONE-WAYT,100.0,0.6,1.0,Tillage (VT proxy; use OFFSETLT 100/0.55 if very light),CT,,0.3,204,14.0,2023-09-08 00:00:00.000000000,2024-08-02,winter wheat,0.3,21.12575
2023-09-13,JD 8245R,245.0,Hawkins 6 Row Bedder,6 row,,Condition Seedbeds,Soil Finisher,SOILFINS,75.0,0.55,1.0,Tillage,CT,,0.20625000000000002,206,14.0,2023-09-08 00:00:00.000000000,2024-08-02,winter wheat,0.50625,21.331999999999997
2023-09-13,JD 6125 R,125.0,Schmizer,,,Cultipack,Culti-packer Pulverizer,CULPKPUL,40.0,0.35,1.0,Tillage/firming pass,CT,,0.06999999999999999,207,14.0,2023-09-08 00:00:00.000000000,2024-08-02,winter wheat,0.57625,21.401999999999997
2023-09-13,,,Air Seeder APV 20',,Custom this out,Plant Hard Red Winter Wheat,,,,,,,CT,,0.0,208,14.0,2023-09-08 00:00:00.000000000,2024-08-02,winter wheat,0.57625,21.401999999999997
2011-05-04,JD 6130R,130.0,Monosem NG+4 6 Row,6 row,,Fertilizer Application,,,,,,,MT,,0.0,389,1.0,1677-09-21 00:12:43.145224193,2011-11-15,grain corn,0.0,0.0
2011-05-04,JD 6130R,130.0,Monosem NG+4 6 Row,6 row,,Plant,,,,,,,MT,,0.0,388,1.0,1677-09-21 00:12:43.145224193,2011-11-15,grain corn,0.0,0.0
2011-05-09,JD 7820,189.0,Acraplant Trash whips,,"No clue what trashwhips actually need, but this looks like a very mild unit, so I'm going with a low horespower tractor",Clean Rows,Row Conditioner,ROWCOND,25.0,0.5,0.17,Tillage (trash whips/row cleaners),MT,,0.010625,390,1.0,1677-09-21 00:12:43.145224193,2011-11-15,grain corn,0.010625,0.010625
2011-05-16,,,,,,Pesticide Application,—,—,0.0,0.0,0.0,Non-tillage,MT,,0.0,391,1.0,1677-09-21 00:12:43.145224193,2011-11-15,grain corn,0.010625,0.010625
2011-06-23,JD 4440,144.0,PV COOP Spreader Cart,,,Fertilizer Application,,,,,,,MT,,0.0,392,1.0,1677-09-21 00:12:43.145224193,2011-11-15,grain corn,0.010625,0.010625
2011-06-27,JD 4455,156.0,Eversman 6 row Cultivator,6 row,,Cultivate,Row Cultivator,ROWCULT,25.0,0.25,0.7,Tillage (between rows),MT,,0.021875,393,1.0,1677-09-21 00:12:43.145224193,2011-11-15,grain corn,0.0325,0.0325
2011-11-15,1660 Combine,,,,,Harvest,,,,,,,MT,,0.0,394,1.0,1677-09-21 00:12:43.145224193,2011-11-15,grain corn,0.0325,0.0325
2011-11-29,,,JD 568 Round Baler 5x6,,,Bail,,,,,,,MT,,0.0,396,2.0,2011-11-15 00:00:00.000000000,2012-11-01,grain corn,0.0,0.0325
2011-11-29,,,Alloway Flail Shredder,,,Chop and Windrow,—,—,0.0,0.0,0.0,Non-tillage,MT,,0.0,395,2.0,2011-11-15 00:00:00.000000000,2012-11-01,grain corn,0.0,0.0325
2012-05-01,JD 7820,189.0,Acraplant Trash whips,,,Clean Rows,Row Conditioner,ROWCOND,25.0,0.5,0.17,Tillage (trash whips/row cleaners),MT,,0.010625,397,2.0,2011-11-15 00:00:00.000000000,2012-11-01,grain corn,0.010625,0.043125000000000004
2012-05-03,JD 4440,144.0,PV COOP Spreader Cart,,,Fertilizer Application,,,,,,,MT,,0.0,399,2.0,2011-11-15 00:00:00.000000000,2012-11-01,grain corn,0.010625,0.043125000000000004
2012-05-03,JD 6130R,130.0,Monosem NG+4 6 Row,6 row,,Plant,,,,,,,MT,,0.0,398,2.0,2011-11-15 00:00:00.000000000,2012-11-01,grain corn,0.010625,0.043125000000000004
2012-05-10,,,,,,Pesticide Application,—,—,0.0,0.0,0.0,Non-tillage,MT,,0.0,400,2.0,2011-11-15 00:00:00.000000000,2012-11-01,grain corn,0.010625,0.043125000000000004
2012-06-11,JD 7820,189.0,Acraplant Trash whips,,,Clean Rows,Row Conditioner,ROWCOND,25.0,0.5,0.17,Tillage (trash whips/row cleaners),MT,,0.010625,401,2.0,2011-11-15 00:00:00.000000000,2012-11-01,grain corn,0.02125,0.053750000000000006
2012-06-20,,,,,,Pesticide Application,—,—,0.0,0.0,0.0,Non-tillage,MT,,0.0,402,2.0,2011-11-15 00:00:00.000000000,2012-11-01,grain corn,0.02125,0.053750000000000006
2012-06-26,JD 4455,156.0,Eversman 6 row Cultivator,6 row,,Cultivate,Row Cultivator,ROWCULT,25.0,0.25,0.7,Tillage (between rows),MT,,0.021875,404,2.0,2011-11-15 00:00:00.000000000,2012-11-01,grain corn,0.043125,0.075625
2012-06-26,JD 4440,144.0,PV COOP Spreader Cart,,,Fertilizer Application,,,,,,,MT,,0.0,403,2.0,2011-11-15 00:00:00.000000000,2012-11-01,grain corn,0.043125,0.075625
2012-11-01,1660 Combine,,,,,Harvest,,,,,,,MT,,0.0,405,2.0,2011-11-15 00:00:00.000000000,2012-11-01,grain corn,0.043125,0.075625
2012-11-15,,,JD 568 Round Baler 5x6,,,Bail,,,,,,,MT,,0.0,407,3.0,2012-11-01 00:00:00.000000000,2013-09-30,silage corn,0.0,0.075625
2012-11-15,,,Alloway Flail Shredder,,,Chop and Windrow,—,—,0.0,0.0,0.0,Non-tillage,MT,,0.0,406,3.0,2012-11-01 00:00:00.000000000,2013-09-30,silage corn,0.0,0.075625
2013-03-29,JD 7820,189.0,Hawkins 6 Row Bedder,6 row,,Condition Seedbeds,Soil Finisher,SOILFINS,75.0,0.55,1.0,Tillage,MT,,0.20625000000000002,408,3.0,2012-11-01 00:00:00.000000000,2013-09-30,silage corn,0.20625000000000002,0.281875
2013-03-29,JD 4455,156.0,Schmizer,,,Cultipack,Culti-packer Pulverizer,CULPKPUL,40.0,0.35,1.0,Tillage/firming pass,MT,,0.06999999999999999,409,3.0,2012-11-01 00:00:00.000000000,2013-09-30,silage corn,0.27625,0.351875
2013-05-13,JD 7820,189.0,7300 6 Row,6 row,,Fertilizer Application,,,,,,,MT,,0.0,410,3.0,2012-11-01 00:00:00.000000000,2013-09-30,silage corn,0.27625,0.351875
2013-05-14,JD 7820,189.0,7300 6 Row,6 row,"I believe these operations are combined, planter with liquid UAN (NOT UREA) put down behind at 5 lbs/acre",Plant Silage Corn,,,,,,,MT,,0.0,411,3.0,2012-11-01 00:00:00.000000000,2013-09-30,silage corn,0.27625,0.351875
2013-06-02,,,,,,Pesticide Application,—,—,0.0,0.0,0.0,Non-tillage,MT,,0.0,412,3.0,2012-11-01 00:00:00.000000000,2013-09-30,silage corn,0.27625,0.351875
2013-06-19,JD 7820,189.0,6 row Orthman Cultivator 8375,6 row,,Fertilizer Application/Cultivate,,,,,,,MT,,0.0,413,3.0,2012-11-01 00:00:00.000000000,2013-09-30,silage corn,0.27625,0.351875
2013-07-24,,,,,,Pesticide Application,—,—,0.0,0.0,0.0,Non-tillage,MT,,0.0,414,3.0,2012-11-01 00:00:00.000000000,2013-09-30,silage corn,0.27625,0.351875
2013-09-30,JD 7980 Forage Harvester,,Kraft,,,Harvest Silage Corn,,,,,,,MT,,0.0,415,3.0,2012-11-01 00:00:00.000000000,2013-09-30,silage corn,0.27625,0.351875
2014-04-03,JD 8310,205.0,JD 915 V Ripper,~ 18.75 - 22.5 ft,,Vertical Ripper,V-Ripper,VRIPPER,350.0,0.25,1.0,Tillage,MT,,0.4375,416,4.0,2013-09-30 00:00:00.000000000,2014-12-02,grain corn,0.4375,0.7893749999999999
2014-05-06,JD 7820,189.0,7300 6 row,6 row,,Plant Grain Corn,,,,,,,MT,,0.0,417,4.0,2013-09-30 00:00:00.000000000,2014-12-02,grain corn,0.4375,0.7893749999999999
2014-06-03,,,,,,Pesticide Application,—,—,0.0,0.0,0.0,Non-tillage,MT,,0.0,418,4.0,2013-09-30 00:00:00.000000000,2014-12-02,grain corn,0.4375,0.7893749999999999
2014-06-25,JD 7820,180.0,6 row Orthman Cultivator 8375,6 row,,Cultivate,Row Cultivator,ROWCULT,25.0,0.25,0.7,Tillage (between rows),MT,,0.021875,419,4.0,2013-09-30 00:00:00.000000000,2014-12-02,grain corn,0.459375,0.81125
2014-12-02,,,JD 568 Round Baler 5x6,,,Bale,,,,,,,MT,,0.0,422,4.0,2013-09-30 00:00:00.000000000,2014-12-02,grain corn,0.459375,0.81125
2014-12-02,1660 Combine,,,,"Maybe custom this? Or say a combine, the same we use the next year",Harvest Grain Corn,,,,,,,MT,,0.0,420,4.0,2013-09-30 00:00:00.000000000,2014-12-02,grain corn,0.459375,0.81125
2014-12-02,,,Alloway Flail Shredder,,,Shred Stalks,,,,,,,MT,,0.0,421,4.0,2013-09-30 00:00:00.000000000,2014-12-02,grain corn,0.459375,0.81125
2015-03-23,,,,,,Vertical Till,One-Way (Disk Tiller),ONE-WAYT,100.0,0.6,1.0,Tillage (VT proxy; use OFFSETLT 100/0.55 if very light),MT,,0.3,423,5.0,2014-12-02 00:00:00.000000000,2015-11-16,grain corn,0.3,1.11125
2015-03-27,JD 4440,144.0,Dunham Lehr Mulcher,15',,Cultimulch,Culti-mulch Roller,CULMULCH,25.0,0.25,1.0,Tillage (Brillion/Dunham/Schmeiser),MT,,0.03125,424,5.0,2014-12-02 00:00:00.000000000,2015-11-16,grain corn,0.33125,1.1425
2015-04-13,JD 7820,189.0,6 Row Orthoman 1tRIPr,6 row,,"""Orthoman 1 tripper (A)"" - Strip Till",,,,,,,MT,,0.0,425,5.0,2014-12-02 00:00:00.000000000,2015-11-16,grain corn,0.33125,1.1425
2015-04-13,JD 7820,189.0,Simplot Liquid Shuttle,,,Fertilizer Application? w/ strip till,,,,,,,MT,,0.0,426,5.0,2014-12-02 00:00:00.000000000,2015-11-16,grain corn,0.33125,1.1425
2015-04-30,JD 7820,189.0,7300 6 row,6 row,,Plant Grain Corn,,,,,,,MT,,0.0,427,5.0,2014-12-02 00:00:00.000000000,2015-11-16,grain corn,0.33125,1.1425
2015-06-09,,,,,,Pesticide Application,—,—,0.0,0.0,0.0,Non-tillage,MT,,0.0,428,5.0,2014-12-02 00:00:00.000000000,2015-11-16,grain corn,0.33125,1.1425
2015-06-24,JD 4455,156.0,Eversman 6 row Cultivator,6 row,,Cultivate,Row Cultivator,ROWCULT,25.0,0.25,0.7,Tillage (between rows),MT,,0.021875,429,5.0,2014-12-02 00:00:00.000000000,2015-11-16,grain corn,0.35312499999999997,1.164375
2015-06-24,JD 4455,156.0,Pipe Ditcher,6 row,,Pipe Ditch,,,,,,,MT,,0.0,430,5.0,2014-12-02 00:00:00.000000000,2015-11-16,grain corn,0.35312499999999997,1.164375
2015-11-16,1660 Combine,,,,,Harvest Grain Corn,,,,,,,MT,,0.0,431,5.0,2014-12-02 00:00:00.000000000,2015-11-16,grain corn,0.35312499999999997,1.164375
2015-11-23,,,JD 568 Round Baler 5x6,,,Bale Stalks,,,,,,,MT,,0.0,433,6.0,2015-11-16 00:00:00.000000000,2016-07-25,barley,0.0,1.164375
2015-11-23,,,Alloway Flail Shredder,,,Shred Stalks,,,,,,,MT,,0.0,432,6.0,2015-11-16 00:00:00.000000000,2016-07-25,barley,0.0,1.164375
2015-12-11,JD 4455,156.0,2 Shank Deep Ripper,,,Deep Ripper,Deep Ripper–Subsoiler,RIPRSUBS,350.0,0.25,1.0,Tillage (use VRIPPER 350/0.25 if V-ripper specified),MT,,0.4375,434,6.0,2015-11-16 00:00:00.000000000,2016-07-25,barley,0.4375,1.601875
2015-12-11,JD 8345R,345.0,Landoll VT - Kraft,,,Vertical Till,One-Way (Disk Tiller),ONE-WAYT,100.0,0.6,1.0,Tillage (VT proxy; use OFFSETLT 100/0.55 if very light),MT,,0.3,436,6.0,2015-11-16 00:00:00.000000000,2016-07-25,barley,0.7375,1.901875
2015-12-11,JD 8345R,345.0,Landoll VT - Kraft,,"Don't know the tractor, but I say the one I use later. I'll end up combining implements anyway",Vertical Till,One-Way (Disk Tiller),ONE-WAYT,100.0,0.6,1.0,Tillage (VT proxy; use OFFSETLT 100/0.55 if very light),MT,,0.3,435,6.0,2015-11-16 00:00:00.000000000,2016-07-25,barley,1.0375,2.201875
2016-03-01,JD 7820,189.0,6 Row Orthoman 1tRIPr,6 row,,Fertilizer Application,,,,,,,MT,,0.0,437,6.0,2015-11-16 00:00:00.000000000,2016-07-25,barley,1.0375,2.201875
2016-03-02,JD 7820,189.0,Hawkins 6 Row Bedder,6 row,,Condition Seedbeds,Soil Finisher,SOILFINS,75.0,0.55,1.0,Tillage,MT,,0.20625000000000002,438,6.0,2015-11-16 00:00:00.000000000,2016-07-25,barley,1.24375,2.408125
2016-03-02,JD 4455,156.0,Schmizer,,,Cultipack,Culti-packer Pulverizer,CULPKPUL,40.0,0.35,1.0,Tillage/firming pass,MT,,0.06999999999999999,439,6.0,2015-11-16 00:00:00.000000000,2016-07-25,barley,1.31375,2.478125
2016-03-03,,,Foundation Seed Drill,,"This wasn't a custom job, but probably makes sense to custom this out",Plant Barley,,,,,,,MT,,0.0,440,6.0,2015-11-16 00:00:00.000000000,2016-07-25,barley,1.31375,2.478125
2016-05-05,,,,,,Pesticide Application,—,—,0.0,0.0,0.0,Non-tillage,MT,,0.0,441,6.0,2015-11-16 00:00:00.000000000,2016-07-25,barley,1.31375,2.478125
2016-07-25,1660 Combine,,,,,Harvest Barley,,,,,,,MT,,0.0,442,6.0,2015-11-16 00:00:00.000000000,2016-07-25,barley,1.31375,2.478125
2016-07-26,,,JD 568 Round Baler 5x6,,,Bale Straw,,,,,,,MT,,0.0,443,7.0,2016-07-25 00:00:00.000000000,2017-10-13,silage corn,0.0,2.478125
2016-09-02,,,,,,Pesticide Application,—,—,0.0,0.0,0.0,Non-tillage,MT,,0.0,444,7.0,2016-07-25 00:00:00.000000000,2017-10-13,silage corn,0.0,2.478125
2016-09-03,,,,,,Pesticide Application,—,—,0.0,0.0,0.0,Non-tillage,MT,,0.0,445,7.0,2016-07-25 00:00:00.000000000,2017-10-13,silage corn,0.0,2.478125
2017-04-10,,,PV COOP Airflow,,,Pre-Plant Fertilizer,,,,,,,MT,,0.0,446,7.0,2016-07-25 00:00:00.000000000,2017-10-13,silage corn,0.0,2.478125
2017-04-13,JD 7820,189.0,Hawkins 6 Row Bedder,6 row,,Condition Seedbeds,Soil Finisher,SOILFINS,75.0,0.55,1.0,Tillage,MT,,0.20625000000000002,448,7.0,2016-07-25 00:00:00.000000000,2017-10-13,silage corn,0.20625000000000002,2.684375
2017-04-13,JD 8295R,295.0,6 Row Orthoman 1tRIPr,6 row,,Strip Till + Fert,,,,,,,MT,,0.0,447,7.0,2016-07-25 00:00:00.000000000,2017-10-13,silage corn,0.20625000000000002,2.684375
2017-04-14,JD 4440,144.0,Schmizer,,,Cultimulch,Culti-mulch Roller,CULMULCH,25.0,0.25,1.0,Tillage (Brillion/Dunham/Schmeiser),MT,,0.03125,449,7.0,2016-07-25 00:00:00.000000000,2017-10-13,silage corn,0.23750000000000002,2.715625
2017-04-19,JD 7820,189.0,7300 6 row,6 row,,Plant Silage Corn,,,,,,,MT,,0.0,450,7.0,2016-07-25 00:00:00.000000000,2017-10-13,silage corn,0.23750000000000002,2.715625
2017-06-21,JD 7820,189.0,Eversman 1076 6 Row Cultivator,6 row,,Cultivate,Row Cultivator,ROWCULT,25.0,0.25,0.7,Tillage (between rows),MT,,0.021875,452,7.0,2016-07-25 00:00:00.000000000,2017-10-13,silage corn,0.259375,2.7375
2017-06-21,JD 4010,89.0,Schaben 12 row 3pt sprayer,12 row,,Sidedress Fert,,,,,,,MT,,0.0,451,7.0,2016-07-25 00:00:00.000000000,2017-10-13,silage corn,0.259375,2.7375
2017-10-13,JD 7980 Forage Harvester,,Kraft,,,Harvest Silage Corn,,,,,,,MT,,0.0,453,7.0,2016-07-25 00:00:00.000000000,2017-10-13,silage corn,0.259375,2.7375
2018-05-15,JD 8295R,295.0,Perfecta Field Cultivator,24',,Cultivate,Row Cultivator,ROWCULT,25.0,0.25,0.7,Tillage (between rows),MT,,0.021875,454,8.0,2017-10-13 00:00:00.000000000,2018-09-04,dry beans,0.021875,2.759375
2018-05-15,,,,,,Pesticide Application,—,—,0.0,0.0,0.0,Non-tillage,MT,,0.0,455,8.0,2017-10-13 00:00:00.000000000,2018-09-04,dry beans,0.021875,2.759375
2018-05-17,JD 7820,189.0,Corrugator #1,,,Corrugator #1,,,,,,,MT,,0.0,456,8.0,2017-10-13 00:00:00.000000000,2018-09-04,dry beans,0.021875,2.759375
2018-05-18,JD 6130R,130.0,Schmizer,,,Cultipack*,,,,,,,MT,,0.0,458,8.0,2017-10-13 00:00:00.000000000,2018-09-04,dry beans,0.021875,2.759375
2018-05-18,,,JD 1710 Max Emerge 12 Row ,12 row,,Plant Dry Beans,,,,,,,MT,,0.0,459,8.0,2017-10-13 00:00:00.000000000,2018-09-04,dry beans,0.021875,2.759375
2018-05-18,JD 8295R,295.0,6 Row Orthoman 1tRIPr,6 row,,Strip Till + Fertilize,Coulter-Chisel,CCHPLOW,150.0,0.5,0.27,Tillage (same as Strip Till; nutrients tracked separately),MT,,0.10125,457,8.0,2017-10-13 00:00:00.000000000,2018-09-04,dry beans,0.12312500000000001,2.8606249999999998
2018-06-25,JD 6130R,130.0,Eversman 1076 6 Row Cultivator,6 row,,Cultivate,Row Cultivator,ROWCULT,25.0,0.25,0.7,Tillage (between rows),MT,,0.021875,460,8.0,2017-10-13 00:00:00.000000000,2018-09-04,dry beans,0.14500000000000002,2.8825
2018-06-26,JD 4455,156.0,Red Pipe Ditcher,6 row,,Pipe Ditch,,,,,,,MT,,0.0,461,8.0,2017-10-13 00:00:00.000000000,2018-09-04,dry beans,0.14500000000000002,2.8825
2018-07-17,JD 6130R,130.0,Eversman 1076 6 Row Cultivator,6 row,,Cultivate,Row Cultivator,ROWCULT,25.0,0.25,0.7,Tillage (between rows),MT,,0.021875,462,8.0,2017-10-13 00:00:00.000000000,2018-09-04,dry beans,0.166875,2.904375
2018-08-30,Pickett 6030 OneStep 6Row,,,,Probably make sense to custom this out,Knife Dry Beans,—,—,0.0,0.0,0.0,Non-tillage (undercutter/knife pre-harvest; treat as zero mixing),MT,,0.0,463,8.0,2017-10-13 00:00:00.000000000,2018-09-04,dry beans,0.166875,2.904375
2018-09-04,Case 1660 Combine,,Case 1660 Combine,,,Harvest Dry Beans,,,,,,,MT,,0.0,464,8.0,2017-10-13 00:00:00.000000000,2018-09-04,dry beans,0.166875,2.904375
2018-09-07,New Holland T8.435,380.0,JD 2623 VT,20',,Vertical Till,One-Way (Disk Tiller),ONE-WAYT,100.0,0.6,1.0,Tillage (VT proxy; use OFFSETLT 100/0.55 if very light),MT,,0.3,465,9.0,2018-09-04 00:00:00.000000000,2019-08-02,winter wheat,0.3,3.2043749999999998
2018-09-07,New Holland T8.435,380.0,JD 2623 VT,20',,Vertical Till,One-Way (Disk Tiller),ONE-WAYT,100.0,0.6,1.0,Tillage (VT proxy; use OFFSETLT 100/0.55 if very light),MT,,0.3,466,9.0,2018-09-04 00:00:00.000000000,2019-08-02,winter wheat,0.6,3.504375
2018-09-10,,,,,,Severe Hail Damage,—,—,0.0,0.0,0.0,Event marker (no operation),MT,,0.0,467,9.0,2018-09-04 00:00:00.000000000,2019-08-02,winter wheat,0.6,3.504375
2018-09-14,JD 8245R,245.0,Hawkins 6 Row Bedder,6 row,,Condition Seedbeds,Soil Finisher,SOILFINS,75.0,0.55,1.0,Tillage,MT,,0.20625000000000002,469,9.0,2018-09-04 00:00:00.000000000,2019-08-02,winter wheat,0.80625,3.710625
2018-09-14,JD 7820,189.0,Brillon Mulcher,25',,Cultimulch,Culti-mulch Roller,CULMULCH,25.0,0.25,1.0,Tillage (Brillion/Dunham/Schmeiser),MT,,0.03125,468,9.0,2018-09-04 00:00:00.000000000,2019-08-02,winter wheat,0.8375,3.741875
2018-09-14,JD 4455,156.0,Schmizer,,,Cultipack,Culti-packer Pulverizer,CULPKPUL,40.0,0.35,1.0,Tillage/firming pass,MT,,0.06999999999999999,470,9.0,2018-09-04 00:00:00.000000000,2019-08-02,winter wheat,0.9075,3.811875
2018-09-14,JD 4440,144.0,Simplot Spreader Cart,,,Fertilizer Application,,,,,,,MT,,0.0,471,9.0,2018-09-04 00:00:00.000000000,2019-08-02,winter wheat,0.9075,3.811875
2018-09-15,,,Great Plains Drill,4 row,Custom this out,Drill Wheat,,,,,,,MT,,0.0,472,9.0,2018-09-04 00:00:00.000000000,2019-08-02,winter wheat,0.9075,3.811875
2019-04-24,,,,,,Pesticide Application,—,—,0.0,0.0,0.0,Non-tillage,MT,,0.0,473,9.0,2018-09-04 00:00:00.000000000,2019-08-02,winter wheat,0.9075,3.811875
2019-05-31,,,,,,Pesticide Application,—,—,0.0,0.0,0.0,Non-tillage,MT,,0.0,474,9.0,2018-09-04 00:00:00.000000000,2019-08-02,winter wheat,0.9075,3.811875
2019-06-26,,,,,,Pesticide Application,—,—,0.0,0.0,0.0,Non-tillage,MT,,0.0,475,9.0,2018-09-04 00:00:00.000000000,2019-08-02,winter wheat,0.9075,3.811875
2019-06-27,,,,,,Pesticide Application,—,—,0.0,0.0,0.0,Non-tillage,MT,,0.0,476,9.0,2018-09-04 00:00:00.000000000,2019-08-02,winter wheat,0.9075,3.811875
2019-07-18,,,,,,Pesticide Application,—,—,0.0,0.0,0.0,Non-tillage,MT,,0.0,477,9.0,2018-09-04 00:00:00.000000000,2019-08-02,winter wheat,0.9075,3.811875
2019-07-19,,,,,,Pesticide Application,—,—,0.0,0.0,0.0,Non-tillage,MT,,0.0,478,9.0,2018-09-04 00:00:00.000000000,2019-08-02,winter wheat,0.9075,3.811875
2019-07-23,,,,,,Pesticide Application,—,—,0.0,0.0,0.0,Non-tillage,MT,,0.0,479,9.0,2018-09-04 00:00:00.000000000,2019-08-02,winter wheat,0.9075,3.811875
2019-08-02,Case 2166 Combine,,,,"Maybe custom this? Or say a combine, the same we use the next year",Harvest Wheat,,,,,,,MT,,0.0,480,9.0,2018-09-04 00:00:00.000000000,2019-08-02,winter wheat,0.9075,3.811875
2019-08-03,,,JD 568 Round Baler 5x6,,,Chop + Bale Straw,,,,,,,MT,,0.0,481,10.0,2019-08-02 00:00:00.000000000,2020-10-09,grain corn,0.0,3.811875
2019-10-07,,,,,,Pesticide Application,—,—,0.0,0.0,0.0,Non-tillage,MT,,0.0,482,10.0,2019-08-02 00:00:00.000000000,2020-10-09,grain corn,0.0,3.811875
2020-04-01,JD 6125R,125.0,PV COOP Spreader Cart,,Looks to be combined with the strip tiller,Fertilizer Application,,,,,,,MT,,0.0,484,10.0,2019-08-02 00:00:00.000000000,2020-10-09,grain corn,0.0,3.811875
2020-04-01,JD 6125R,145.0,"Row Cleaner 4-60"" rows",,,Row Clean,Row Conditioner,ROWCOND,25.0,0.5,0.17,Tillage,MT,,0.010625,483,10.0,2019-08-02 00:00:00.000000000,2020-10-09,grain corn,0.010625,3.8225
2020-04-28,JD 6130R,130.0,Monosem NG+4 6 Row,6 row,,Plant Grain Corn,,,,,,,MT,,0.0,485,10.0,2019-08-02 00:00:00.000000000,2020-10-09,grain corn,0.010625,3.8225
2020-04-30,,,,,,Pesticide Application,—,—,0.0,0.0,0.0,Non-tillage,MT,,0.0,486,10.0,2019-08-02 00:00:00.000000000,2020-10-09,grain corn,0.010625,3.8225
2020-06-02,,,,,,Pesticide Application,—,—,0.0,0.0,0.0,Non-tillage,MT,,0.0,487,10.0,2019-08-02 00:00:00.000000000,2020-10-09,grain corn,0.010625,3.8225
2020-06-17,,,,,,Pesticide Application,—,—,0.0,0.0,0.0,Non-tillage,MT,,0.0,488,10.0,2019-08-02 00:00:00.000000000,2020-10-09,grain corn,0.010625,3.8225
2020-06-18,JD 6130R,130.0,Eversman 1076 6 Row Cultivator,6 row,,Cultivate,Row Cultivator,ROWCULT,25.0,0.25,0.7,Tillage (between rows),MT,,0.021875,489,10.0,2019-08-02 00:00:00.000000000,2020-10-09,grain corn,0.0325,3.844375
2020-06-19,JD 7820,189.0,Red Pipe Ditcher,6 row,,Pipe Ditcher,,,,,,,MT,,0.0,490,10.0,2019-08-02 00:00:00.000000000,2020-10-09,grain corn,0.0325,3.844375
2020-10-09,Case 2166 Combine,,,,,Harvest Grain Corn,,,,,,,MT,,0.0,491,10.0,2019-08-02 00:00:00.000000000,2020-10-09,grain corn,0.0325,3.844375
2020-10-21,,,JD 568 Round Baler 5x6,,,Bale,,,,,,,MT,,0.0,493,11.0,2020-10-09 00:00:00.000000000,2021-10-22,grain corn,0.0,3.844375
2020-10-21,,,Hiniker Flail Shredder/Windrower 6 Row,6 row,,Shred Stalks,,,,,,,MT,,0.0,492,11.0,2020-10-09 00:00:00.000000000,2021-10-22,grain corn,0.0,3.844375
2020-10-22,JD 8245R,245.0,Landoll 7530 VT Plus Disc,~26' +,,Vertical Till,One-Way (Disk Tiller),ONE-WAYT,100.0,0.6,1.0,Tillage (VT proxy; use OFFSETLT 100/0.55 if very light),MT,,0.3,494,11.0,2020-10-09 00:00:00.000000000,2021-10-22,grain corn,0.3,4.144375
2021-03-08,JD 8245R,245.0,Landoll 7530 VT Plus Disc,~26' +,,Vertical Till,One-Way (Disk Tiller),ONE-WAYT,100.0,0.6,1.0,Tillage (VT proxy; use OFFSETLT 100/0.55 if very light),MT,,0.3,495,11.0,2020-10-09 00:00:00.000000000,2021-10-22,grain corn,0.6,4.444375
2021-04-09,JD 6155R,155.0,Hawkins 6 Row Bedder,6 row,,Condition Seedbeds,Soil Finisher,SOILFINS,75.0,0.55,1.0,Tillage,MT,,0.20625000000000002,496,11.0,2020-10-09 00:00:00.000000000,2021-10-22,grain corn,0.80625,4.650625
2021-04-09,JD 8245R,245.0,Perfecta Field Cultivator,24',,Cultivate,Row Cultivator,ROWCULT,25.0,0.25,0.7,Tillage (between rows),MT,,0.021875,497,11.0,2020-10-09 00:00:00.000000000,2021-10-22,grain corn,0.828125,4.6725
2021-04-13,JD 6125R,125.0,PV COOP Spreader Cart,,,Fertilizer Application,,,,,,,MT,,0.0,498,11.0,2020-10-09 00:00:00.000000000,2021-10-22,grain corn,0.828125,4.6725
2021-04-27,JD 6130R,130.0,Monosem NG+4 6 Row,6 row,,Plant Grain Corn,,,,,,,MT,,0.0,499,11.0,2020-10-09 00:00:00.000000000,2021-10-22,grain corn,0.828125,4.6725
2021-05-25,,,,,,Pesticide Application,—,—,0.0,0.0,0.0,Non-tillage,MT,,0.0,500,11.0,2020-10-09 00:00:00.000000000,2021-10-22,grain corn,0.828125,4.6725
2021-06-10,,,,,,Fertilizer Application,,,,,,,MT,,0.0,501,11.0,2020-10-09 00:00:00.000000000,2021-10-22,grain corn,0.828125,4.6725
2021-06-18,JD 6195R,195.0,Red Pipe Ditcher,6 row,,Clean Furrows,Furrow-out Cultivator,FUROWOUT,25.0,0.75,0.17,Tillage,MT,,0.0159375,503,11.0,2020-10-09 00:00:00.000000000,2021-10-22,grain corn,0.8440624999999999,4.6884375
2021-06-18,JD 6130R,130.0,Eversman 1076 6 Row Cultivator,6 row,,Cultivate,Row Cultivator,ROWCULT,25.0,0.25,0.7,Tillage (between rows),MT,,0.021875,502,11.0,2020-10-09 00:00:00.000000000,2021-10-22,grain corn,0.8659375,4.7103125
2021-06-18,JD 6195R,195.0,Yetter 12 row liquid applicator ,12 row,,Fertilizer Application,,,,,,,MT,,0.0,504,11.0,2020-10-09 00:00:00.000000000,2021-10-22,grain corn,0.8659375,4.7103125
2021-07-23,,,,,,Pesticide and Fertilizer Application,,,,,,,MT,,0.0,505,11.0,2020-10-09 00:00:00.000000000,2021-10-22,grain corn,0.8659375,4.7103125
2021-10-22,Case 2166 Combine,,,,,Harvest Grain,,,,,,,MT,,0.0,506,11.0,2020-10-09 00:00:00.000000000,2021-10-22,grain corn,0.8659375,4.7103125
2021-10-29,,,JD 568 Round Baler 5x6,,,Bale,,,,,,,MT,,0.0,508,12.0,2021-10-22 00:00:00.000000000,2022-10-24,grain corn,0.0,4.7103125
2021-10-29,,,Hiniker Flail Shredder/Windrower 6 Row,6 row,,Shred and Chop,,,,,,,MT,,0.0,507,12.0,2021-10-22 00:00:00.000000000,2022-10-24,grain corn,0.0,4.7103125
2021-11-23,JD 8245R,245.0,Landoll 7530 VT Plus Disc,~26' +,,Vertical Till,One-Way (Disk Tiller),ONE-WAYT,100.0,0.6,1.0,Tillage (VT proxy; use OFFSETLT 100/0.55 if very light),MT,,0.3,509,12.0,2021-10-22 00:00:00.000000000,2022-10-24,grain corn,0.3,5.0103124999999995
2021-11-29,New Holland T8.435,380.0,Great Plains Subsoiler,,,Subsoil Rip,Deep Ripper–Subsoiler,RIPRSUBS,350.0,0.25,1.0,Tillage,MT,,0.4375,510,12.0,2021-10-22 00:00:00.000000000,2022-10-24,grain corn,0.7375,5.4478124999999995
2022-04-11,JD 8245R,245.0,Hawkins 6 Row Bedder,6 row,,Condition Seedbeds,Soil Finisher,SOILFINS,75.0,0.55,1.0,Tillage,MT,,0.20625000000000002,512,12.0,2021-10-22 00:00:00.000000000,2022-10-24,grain corn,0.94375,5.6540625
2022-04-11,JD 6125R,125.0,Loader Agfinity Spreader Cart,,,Fertilizer Application,,,,,,,MT,,0.0,513,12.0,2021-10-22 00:00:00.000000000,2022-10-24,grain corn,0.94375,5.6540625
2022-04-11,JD 8245R,245.0,Landoll 7530 VT Plus Disc,~26' +,,Vertical Till,One-Way (Disk Tiller),ONE-WAYT,100.0,0.6,1.0,Tillage (VT proxy; use OFFSETLT 100/0.55 if very light),MT,,0.3,511,12.0,2021-10-22 00:00:00.000000000,2022-10-24,grain corn,1.24375,5.9540625
2022-04-12,JD 6130R,130.0,Schmizer,,,Cultipack,Culti-packer Pulverizer,CULPKPUL,40.0,0.35,1.0,Tillage/firming pass,MT,,0.06999999999999999,514,12.0,2021-10-22 00:00:00.000000000,2022-10-24,grain corn,1.31375,6.0240625
2022-04-29,JD 6130R,130.0,Monosem NG+4 6 row,6 row,,Plant Grain Corn w/ Optistart Gold,,,,,,,MT,,0.0,515,12.0,2021-10-22 00:00:00.000000000,2022-10-24,grain corn,1.31375,6.0240625
2022-06-07,,,,,,Pesticide Application,—,—,0.0,0.0,0.0,Non-tillage,MT,,0.0,516,12.0,2021-10-22 00:00:00.000000000,2022-10-24,grain corn,1.31375,6.0240625
2022-06-13,JD 6125R,125.0,Red Pipe Ditcher,6 row,,Clean Furrows,Furrow-out Cultivator,FUROWOUT,25.0,0.75,0.17,Tillage,MT,,0.0159375,518,12.0,2021-10-22 00:00:00.000000000,2022-10-24,grain corn,1.3296875,6.04
2022-06-13,JD 8295R,295.0,Hiniker 6 row cultivator,6 row,,Cultivate,Row Cultivator,ROWCULT,25.0,0.25,0.7,Tillage (between rows),MT,,0.021875,517,12.0,2021-10-22 00:00:00.000000000,2022-10-24,grain corn,1.3515625,6.061875
2022-06-13,JD 6195R,195.0,Yetter 12 row liquid applicator ,12 row,,Fertilizer Application,,,,,,,MT,,0.0,519,12.0,2021-10-22 00:00:00.000000000,2022-10-24,grain corn,1.3515625,6.061875
2022-10-24,Case 2166 Combine,,,,,Harvest Grain,,,,,,,MT,,0.0,520,12.0,2021-10-22 00:00:00.000000000,2022-10-24,grain corn,1.3515625,6.061875
2022-11-02,,,JD 560M Round Baler,,,Chop and Bale,,,,,,,MT,,0.0,522,13.0,2022-10-24 00:00:00.000000000,2023-09-08,silage corn,0.0,6.061875
2022-11-02,,,Hiniker Flail Shredder/Windrower 6 Row,6 row,,Shred and Windrow,,,,,,,MT,,0.0,521,13.0,2022-10-24 00:00:00.000000000,2023-09-08,silage corn,0.0,6.061875
2022-11-10,JD 8245R,245.0,Landoll 7530 VT Plus Disc,~26' +,,Vertical Till,One-Way (Disk Tiller),ONE-WAYT,100.0,0.6,1.0,Tillage (VT proxy; use OFFSETLT 100/0.55 if very light),MT,,0.3,523,13.0,2022-10-24 00:00:00.000000000,2023-09-08,silage corn,0.3,6.3618749999999995
2023-04-13,JD 8245R,245.0,Hawkins 6 Row Bedder,6 row,,Condition Seedbeds,Soil Finisher,SOILFINS,75.0,0.55,1.0,Tillage,MT,,0.20625000000000002,524,13.0,2022-10-24 00:00:00.000000000,2023-09-08,silage corn,0.50625,6.568125
2023-04-13,JD 6125R,125.0,PV COOP Spreader Cart,,,Fertilizer Application,,,,,,,MT,,0.0,525,13.0,2022-10-24 00:00:00.000000000,2023-09-08,silage corn,0.50625,6.568125
2023-04-14,JD 6130R,130.0,Schmizer,,,Cultipack,Culti-packer Pulverizer,CULPKPUL,40.0,0.35,1.0,Tillage/firming pass,MT,,0.06999999999999999,526,13.0,2022-10-24 00:00:00.000000000,2023-09-08,silage corn,0.57625,6.638125
2023-05-02,JD 6195R,195.0,JD 7300 6 Row,6 row,,Fertilizer Application,,,,,,,MT,,0.0,527,13.0,2022-10-24 00:00:00.000000000,2023-09-08,silage corn,0.57625,6.638125
2023-05-02,JD 6195R,195.0,JD 7300 6 Row,6 row,"This is one operation, planting with an optistart addition",Plant Silage Corn,,,,,,,MT,,0.0,528,13.0,2022-10-24 00:00:00.000000000,2023-09-08,silage corn,0.57625,6.638125
2023-05-31,,,,,,Pesticide Application,—,—,0.0,0.0,0.0,Non-tillage,MT,,0.0,529,13.0,2022-10-24 00:00:00.000000000,2023-09-08,silage corn,0.57625,6.638125
2023-06-26,JD 8245R,245.0,Yetter 12 row liquid applicator ,12 row,"This is labelled pre-plant, but obviously comes quite a bit later. I think we're also putting this on a cultivator",Fertilizer Application,,,,,,,MT,,0.0,530,13.0,2022-10-24 00:00:00.000000000,2023-09-08,silage corn,0.57625,6.638125
2023-06-28,JD 6155R,155.0,Hiniker 6 row cultivator,6 row,,Cultivate,Row Cultivator,ROWCULT,25.0,0.25,0.7,Tillage (between rows),MT,,0.021875,531,13.0,2022-10-24 00:00:00.000000000,2023-09-08,silage corn,0.598125,6.66
2023-06-28,JD 6125R,125.0,Red Piper Ditcher 6 Row,6 row,,Pipe Ditch,,,,,,,MT,,0.0,532,13.0,2022-10-24 00:00:00.000000000,2023-09-08,silage corn,0.598125,6.66
2023-09-08,Custom Silage Harvester,,,,,Harvest Silage Corn,,,,,,,MT,,0.0,533,13.0,2022-10-24 00:00:00.000000000,2023-09-08,silage corn,0.598125,6.66
2023-09-12,JD 6125R,125.0,PV COOP Spreader Cart,,,Fertilizer Application,,,,,,,MT,,0.0,535,14.0,2023-09-08 00:00:00.000000000,2024-08-02,winter wheat,0.0,6.66
2023-09-12,JD 8295R,295.0,Landoll 7530 VT Plus Disc,~ 26' +,,Vertical Till,One-Way (Disk Tiller),ONE-WAYT,100.0,0.6,1.0,Tillage (VT proxy; use OFFSETLT 100/0.55 if very light),MT,,0.3,534,14.0,2023-09-08 00:00:00.000000000,2024-08-02,winter wheat,0.3,6.96
2023-09-13,JD 8245R,245.0,Hawkins 6 Row Bedder,6 row,,Condition Seedbeds,Soil Finisher,SOILFINS,75.0,0.55,1.0,Tillage,MT,,0.20625000000000002,536,14.0,2023-09-08 00:00:00.000000000,2024-08-02,winter wheat,0.50625,7.16625
2023-09-13,JD 6125 R,125.0,Schmizer,,,Cultipack,Culti-packer Pulverizer,CULPKPUL,40.0,0.35,1.0,Tillage/firming pass,MT,,0.06999999999999999,537,14.0,2023-09-08 00:00:00.000000000,2024-08-02,winter wheat,0.57625,7.23625
2023-09-13,,,Air Seeder APV 20',,Custom this out,Plant Hard Red Winter Wheat,,,,,,,MT,,0.0,538,14.0,2023-09-08 00:00:00.000000000,2024-08-02,winter wheat,0.57625,7.23625
2011-01-01,JD 7820,189.0,6 Row Orthoman 1tRIPr,6 row,,Strip Till,Coulter-Chisel,CCHPLOW,150.0,0.5,0.27,Tillage (banded; use AreaFraction = strip_width/row_spacing),ST,,0.10125,225,1.0,1677-09-21 00:12:43.145224193,2011-11-15,grain corn,0.10125,0.10125
2011-05-04,JD 6130R,130.0,Monosem NG+4 6 Row,6 row,,Fertilizer Application,,,,,,,ST,,0.0,227,1.0,1677-09-21 00:12:43.145224193,2011-11-15,grain corn,0.10125,0.10125
2011-05-04,JD 6130R,130.0,Monosem NG+4 6 Row,6 row,,Plant,,,,,,,ST,,0.0,226,1.0,1677-09-21 00:12:43.145224193,2011-11-15,grain corn,0.10125,0.10125
2011-05-16,,,,,,Pesticide Application,—,—,0.0,0.0,0.0,Non-tillage,ST,,0.0,228,1.0,1677-09-21 00:12:43.145224193,2011-11-15,grain corn,0.10125,0.10125
2011-06-23,JD 4440,144.0,PV COOP Spreader Cart,,,Fertilizer Application,,,,,,,ST,,0.0,229,1.0,1677-09-21 00:12:43.145224193,2011-11-15,grain corn,0.10125,0.10125
2011-06-27,JD 4455,156.0,Eversman 6 row Cultivator,6 row,,Cultivate,Row Cultivator,ROWCULT,25.0,0.25,0.7,Tillage (between rows),ST,,0.021875,230,1.0,1677-09-21 00:12:43.145224193,2011-11-15,grain corn,0.12312500000000001,0.12312500000000001
2011-11-15,1660 Combine,,,,,Harvest,,,,,,,ST,,0.0,231,1.0,1677-09-21 00:12:43.145224193,2011-11-15,grain corn,0.12312500000000001,0.12312500000000001
2011-11-29,,,JD 568 Round Baler 5x6,,,Bail,,,,,,,ST,,0.0,233,2.0,2011-11-15 00:00:00.000000000,2012-11-01,grain corn,0.0,0.12312500000000001
2011-11-29,,,Alloway Flail Shredder,,,Chop and Windrow,—,—,0.0,0.0,0.0,Non-tillage,ST,,0.0,232,2.0,2011-11-15 00:00:00.000000000,2012-11-01,grain corn,0.0,0.12312500000000001
2012-03-14,JD 7820,189.0,Acraplant Trash whips,,,Clean Furrows,Furrow-out Cultivator,FUROWOUT,25.0,0.75,0.17,Tillage,ST,,0.0159375,234,2.0,2011-11-15 00:00:00.000000000,2012-11-01,grain corn,0.0159375,0.1390625
2012-03-16,JD 7820,189.0,6 Row Orthoman 1tRIPr,6 row,,Strip Till,Coulter-Chisel,CCHPLOW,150.0,0.5,0.27,Tillage (banded; use AreaFraction = strip_width/row_spacing),ST,,0.10125,235,2.0,2011-11-15 00:00:00.000000000,2012-11-01,grain corn,0.1171875,0.2403125
2012-05-03,JD 4440,144.0,PV COOP Spreader Cart,,,Fertilizer Application,,,,,,,ST,,0.0,237,2.0,2011-11-15 00:00:00.000000000,2012-11-01,grain corn,0.1171875,0.2403125
2012-05-03,JD 6130R,130.0,Monosem NG+4 6 Row,6 row,,Plant,,,,,,,ST,,0.0,236,2.0,2011-11-15 00:00:00.000000000,2012-11-01,grain corn,0.1171875,0.2403125
2012-05-10,,,,,,Pesticide Application,—,—,0.0,0.0,0.0,Non-tillage,ST,,0.0,238,2.0,2011-11-15 00:00:00.000000000,2012-11-01,grain corn,0.1171875,0.2403125
2012-06-04,JD 4455,156.0,Pipe Ditcher,6 row,,Pack Furrows,Roller Packer (Flat Roller),ROLPKRFT,40.0,0.35,0.3,Tillage (packing/firming furrows),ST,,0.020999999999999998,239,2.0,2011-11-15 00:00:00.000000000,2012-11-01,grain corn,0.1381875,0.2613125
2012-06-11,JD 7820,189.0,Acraplant Trash whips,,,Clean Rows,Row Conditioner,ROWCOND,25.0,0.5,0.17,Tillage (trash whips/row cleaners),ST,,0.010625,240,2.0,2011-11-15 00:00:00.000000000,2012-11-01,grain corn,0.1488125,0.2719375
2012-06-20,,,,,,Pesticide Application,—,—,0.0,0.0,0.0,Non-tillage,ST,,0.0,241,2.0,2011-11-15 00:00:00.000000000,2012-11-01,grain corn,0.1488125,0.2719375
2012-06-26,JD 4455,156.0,Eversman 6 row Cultivator,6 row,,Cultivate,Row Cultivator,ROWCULT,25.0,0.25,0.7,Tillage (between rows),ST,,0.021875,243,2.0,2011-11-15 00:00:00.000000000,2012-11-01,grain corn,0.1706875,0.29381250000000003
2012-06-26,JD 4440,144.0,PV COOP Spreader Cart,,,Fertilizer Application,,,,,,,ST,,0.0,242,2.0,2011-11-15 00:00:00.000000000,2012-11-01,grain corn,0.1706875,0.29381250000000003
2012-11-01,1660 Combine,,,,,Harvest,,,,,,,ST,,0.0,244,2.0,2011-11-15 00:00:00.000000000,2012-11-01,grain corn,0.1706875,0.29381250000000003
2012-11-15,,,JD 568 Round Baler 5x6,,,Bail,,,,,,,ST,,0.0,246,3.0,2012-11-01 00:00:00.000000000,2013-09-30,silage corn,0.0,0.29381250000000003
2012-11-15,,,Alloway Flail Shredder,,,Chop and Windrow,—,—,0.0,0.0,0.0,Non-tillage,ST,,0.0,245,3.0,2012-11-01 00:00:00.000000000,2013-09-30,silage corn,0.0,0.29381250000000003
2012-12-08,JD 7820,189.0,6 Row Orthoman 1tRIPr,6 row,,Strip Till,Coulter-Chisel,CCHPLOW,150.0,0.5,0.27,Tillage (banded; use AreaFraction = strip_width/row_spacing),ST,,0.10125,247,3.0,2012-11-01 00:00:00.000000000,2013-09-30,silage corn,0.10125,0.3950625
2013-03-29,JD 7820,189.0,Hawkins 6 Row Bedder,6 row,,Condition Seedbeds,Soil Finisher,SOILFINS,75.0,0.55,1.0,Tillage,ST,,0.20625000000000002,248,3.0,2012-11-01 00:00:00.000000000,2013-09-30,silage corn,0.3075,0.6013125
2013-03-29,JD 4455,156.0,Schmizer,,,Cultipack,Culti-packer Pulverizer,CULPKPUL,40.0,0.35,1.0,Tillage/firming pass,ST,,0.06999999999999999,249,3.0,2012-11-01 00:00:00.000000000,2013-09-30,silage corn,0.3775,0.6713125
2013-05-13,JD 7820,189.0,7300 6 Row,6 row,,Fertilizer Application,,,,,,,ST,,0.0,250,3.0,2012-11-01 00:00:00.000000000,2013-09-30,silage corn,0.3775,0.6713125
2013-05-14,JD 7820,189.0,7300 6 Row,6 row,"I believe these operations are combined, planter with liquid UAN (NOT UREA) put down behind at 5 lbs/acre",Plant Silage Corn,,,,,,,ST,,0.0,251,3.0,2012-11-01 00:00:00.000000000,2013-09-30,silage corn,0.3775,0.6713125
2013-06-02,,,,,,Pesticide Application,—,—,0.0,0.0,0.0,Non-tillage,ST,,0.0,252,3.0,2012-11-01 00:00:00.000000000,2013-09-30,silage corn,0.3775,0.6713125
2013-06-19,JD 7820,189.0,6 row Orthman Cultivator 8375,6 row,,Fertilizer Application/Cultivate,,,,,,,ST,,0.0,253,3.0,2012-11-01 00:00:00.000000000,2013-09-30,silage corn,0.3775,0.6713125
2013-07-24,,,,,,Pesticide Application,—,—,0.0,0.0,0.0,Non-tillage,ST,,0.0,254,3.0,2012-11-01 00:00:00.000000000,2013-09-30,silage corn,0.3775,0.6713125
2013-09-30,JD 7980 Forage Harvester,,Kraft,,,Harvest Silage Corn,,,,,,,ST,,0.0,255,3.0,2012-11-01 00:00:00.000000000,2013-09-30,silage corn,0.3775,0.6713125
2014-04-03,JD 8310,205.0,JD 915 V Ripper,~ 18.75 - 22.5 ft,,Vertical Ripper,V-Ripper,VRIPPER,350.0,0.25,1.0,Tillage,ST,,0.4375,256,4.0,2013-09-30 00:00:00.000000000,2014-12-02,grain corn,0.4375,1.1088125
2014-05-06,JD 7820,189.0,7300 6 row,6 row,,Plant Grain Corn,,,,,,,ST,,0.0,257,4.0,2013-09-30 00:00:00.000000000,2014-12-02,grain corn,0.4375,1.1088125
2014-06-03,,,,,,Pesticide Application,—,—,0.0,0.0,0.0,Non-tillage,ST,,0.0,258,4.0,2013-09-30 00:00:00.000000000,2014-12-02,grain corn,0.4375,1.1088125
2014-06-25,JD 7820,180.0,6 row Orthman Cultivator 8375,6 row,,Cultivate,Row Cultivator,ROWCULT,25.0,0.25,0.7,Tillage (between rows),ST,,0.021875,259,4.0,2013-09-30 00:00:00.000000000,2014-12-02,grain corn,0.459375,1.1306875
2014-12-02,,,JD 568 Round Baler 5x6,,,Bale,,,,,,,ST,,0.0,262,4.0,2013-09-30 00:00:00.000000000,2014-12-02,grain corn,0.459375,1.1306875
2014-12-02,1660 Combine,,,,"Maybe custom this? Or say a combine, the same we use the next year",Harvest Grain Corn,,,,,,,ST,,0.0,260,4.0,2013-09-30 00:00:00.000000000,2014-12-02,grain corn,0.459375,1.1306875
2014-12-02,,,Alloway Flail Shredder,,,Shred Stalks,,,,,,,ST,,0.0,261,4.0,2013-09-30 00:00:00.000000000,2014-12-02,grain corn,0.459375,1.1306875
2015-03-27,JD 4440,144.0,Dunham Lehr Mulcher,15',,Cultimulch,Culti-mulch Roller,CULMULCH,25.0,0.25,1.0,Tillage (Brillion/Dunham/Schmeiser),ST,,0.03125,263,5.0,2014-12-02 00:00:00.000000000,2015-11-16,grain corn,0.03125,1.1619375
2015-04-13,JD 7820,189.0,6 Row Orthoman 1tRIPr,6 row,,"""Orthoman 1 tripper (A)"" - Strip Till",,,,,,,ST,,0.0,264,5.0,2014-12-02 00:00:00.000000000,2015-11-16,grain corn,0.03125,1.1619375
2015-04-13,JD 7820,189.0,Simplot Liquid Shuttle,,,Fertilizer Application w/strip till,,,,,,,ST,,0.0,265,5.0,2014-12-02 00:00:00.000000000,2015-11-16,grain corn,0.03125,1.1619375
2015-04-30,JD 7820,189.0,7300 6 row,6 row,,Plant Grain Corn,,,,,,,ST,,0.0,266,5.0,2014-12-02 00:00:00.000000000,2015-11-16,grain corn,0.03125,1.1619375
2015-06-09,,,,,,Pesticide Application,—,—,0.0,0.0,0.0,Non-tillage,ST,,0.0,267,5.0,2014-12-02 00:00:00.000000000,2015-11-16,grain corn,0.03125,1.1619375
2015-06-24,JD 4455,156.0,Eversman 6 row Cultivator,6 row,,Cultivate,Row Cultivator,ROWCULT,25.0,0.25,0.7,Tillage (between rows),ST,,0.021875,268,5.0,2014-12-02 00:00:00.000000000,2015-11-16,grain corn,0.053125,1.1838125
2015-06-24,JD 4455,156.0,Pipe Ditcher,6 row,,Pipe Ditch,,,,,,,ST,,0.0,269,5.0,2014-12-02 00:00:00.000000000,2015-11-16,grain corn,0.053125,1.1838125
2015-11-16,1660 Combine,,,,,Harvest Grain Corn,,,,,,,ST,,0.0,270,5.0,2014-12-02 00:00:00.000000000,2015-11-16,grain corn,0.053125,1.1838125
2015-11-23,,,JD 568 Round Baler 5x6,,,Bale Stalks,,,,,,,ST,,0.0,272,6.0,2015-11-16 00:00:00.000000000,2016-07-25,barley,0.0,1.1838125
2015-11-23,,,Alloway Flail Shredder,,,Shred Stalks,,,,,,,ST,,0.0,271,6.0,2015-11-16 00:00:00.000000000,2016-07-25,barley,0.0,1.1838125
2015-12-11,JD 4455,156.0,2 Shank Deep Ripper,,,Deep Ripper,Deep Ripper–Subsoiler,RIPRSUBS,350.0,0.25,1.0,Tillage (use VRIPPER 350/0.25 if V-ripper specified),ST,,0.4375,273,6.0,2015-11-16 00:00:00.000000000,2016-07-25,barley,0.4375,1.6213125000000002
2015-12-11,JD 8345R,345.0,Landoll VT - Kraft,,"Don't know the tractor, but I say the one I use later. I'll end up combining implements anyway",Vertical Till,One-Way (Disk Tiller),ONE-WAYT,100.0,0.6,1.0,Tillage (VT proxy; use OFFSETLT 100/0.55 if very light),ST,,0.3,274,6.0,2015-11-16 00:00:00.000000000,2016-07-25,barley,0.7375,1.9213125
2016-03-01,JD 7820,189.0,6 Row Orthoman 1tRIPr,6 row,,Strip Till + Fertilizer Application*,,,,,,,ST,,0.0,275,6.0,2015-11-16 00:00:00.000000000,2016-07-25,barley,0.7375,1.9213125
2016-03-02,JD 7820,189.0,Hawkins 6 Row Bedder,6 row,,Condition Seedbeds,Soil Finisher,SOILFINS,75.0,0.55,1.0,Tillage,ST,,0.20625000000000002,276,6.0,2015-11-16 00:00:00.000000000,2016-07-25,barley,0.94375,2.1275625000000002
2016-03-02,JD 4455,156.0,Schmizer,,,Cultipack,Culti-packer Pulverizer,CULPKPUL,40.0,0.35,1.0,Tillage/firming pass,ST,,0.06999999999999999,277,6.0,2015-11-16 00:00:00.000000000,2016-07-25,barley,1.01375,2.1975625
2016-03-03,,,Foundation Seed Drill,,"This wasn't a custom job, but probably makes sense to custom this out",Plant Barley,,,,,,,ST,,0.0,278,6.0,2015-11-16 00:00:00.000000000,2016-07-25,barley,1.01375,2.1975625
2016-05-05,,,,,,Pesticide Application,—,—,0.0,0.0,0.0,Non-tillage,ST,,0.0,279,6.0,2015-11-16 00:00:00.000000000,2016-07-25,barley,1.01375,2.1975625
2016-07-25,1660 Combine,,,,,Harvest Barley,,,,,,,ST,,0.0,280,6.0,2015-11-16 00:00:00.000000000,2016-07-25,barley,1.01375,2.1975625
2016-07-26,,,JD 568 Round Baler 5x6,,,Bale Straw,,,,,,,ST,,0.0,281,7.0,2016-07-25 00:00:00.000000000,2017-10-13,silage corn,0.0,2.1975625
2016-09-02,,,,,,Pesticide Application,—,—,0.0,0.0,0.0,Non-tillage,ST,,0.0,282,7.0,2016-07-25 00:00:00.000000000,2017-10-13,silage corn,0.0,2.1975625
2016-09-03,,,,,,Pesticide Application,—,—,0.0,0.0,0.0,Non-tillage,ST,,0.0,283,7.0,2016-07-25 00:00:00.000000000,2017-10-13,silage corn,0.0,2.1975625
2017-04-10,,,PV COOP Airflow,,,Pre-Plant Fertilizer,,,,,,,ST,,0.0,284,7.0,2016-07-25 00:00:00.000000000,2017-10-13,silage corn,0.0,2.1975625
2017-04-13,JD 7820,189.0,Hawkins 6 Row Bedder,6 row,,Condition Seedbeds,Soil Finisher,SOILFINS,75.0,0.55,1.0,Tillage,ST,,0.20625000000000002,286,7.0,2016-07-25 00:00:00.000000000,2017-10-13,silage corn,0.20625000000000002,2.4038125
2017-04-13,JD 8295R,295.0,6 Row Orthoman 1tRIPr,6 row,,Strip Till + Fert,,,,,,,ST,,0.0,285,7.0,2016-07-25 00:00:00.000000000,2017-10-13,silage corn,0.20625000000000002,2.4038125
2017-04-19,JD 7820,189.0,7300 6 row,6 row,,Plant Silage Corn,,,,,,,ST,,0.0,287,7.0,2016-07-25 00:00:00.000000000,2017-10-13,silage corn,0.20625000000000002,2.4038125
2017-06-21,JD 7820,189.0,Eversman 1076 6 Row Cultivator,6 row,,Cultivate,Row Cultivator,ROWCULT,25.0,0.25,0.7,Tillage (between rows),ST,,0.021875,289,7.0,2016-07-25 00:00:00.000000000,2017-10-13,silage corn,0.22812500000000002,2.4256875
2017-06-21,JD 4010,89.0,Schaben 12 row 3pt sprayer,12 row,,Sidedress Fert,,,,,,,ST,,0.0,288,7.0,2016-07-25 00:00:00.000000000,2017-10-13,silage corn,0.22812500000000002,2.4256875
2017-10-13,JD 7980 Forage Harvester,,Kraft,,,Harvest Silage Corn,,,,,,,ST,,0.0,290,7.0,2016-07-25 00:00:00.000000000,2017-10-13,silage corn,0.22812500000000002,2.4256875
2018-05-15,JD 8295R,295.0,Perfecta Field Cultivator,24',,Cultivate,Row Cultivator,ROWCULT,25.0,0.25,0.7,Tillage (between rows),ST,,0.021875,291,8.0,2017-10-13 00:00:00.000000000,2018-09-04,dry beans,0.021875,2.4475625
2018-05-15,,,,,,Pesticide Application,—,—,0.0,0.0,0.0,Non-tillage,ST,,0.0,292,8.0,2017-10-13 00:00:00.000000000,2018-09-04,dry beans,0.021875,2.4475625
2018-05-17,JD 7820,189.0,Corrugator #1,,,Corrugator #1,,,,,,,ST,,0.0,293,8.0,2017-10-13 00:00:00.000000000,2018-09-04,dry beans,0.021875,2.4475625
2018-05-18,JD 6130R,130.0,Schmizer,,,Cultipack,Culti-packer Pulverizer,CULPKPUL,40.0,0.35,1.0,Tillage/firming pass,ST,,0.06999999999999999,295,8.0,2017-10-13 00:00:00.000000000,2018-09-04,dry beans,0.09187499999999998,2.5175625
2018-05-18,,,JD 1710 Max Emerge 12 Row ,12 row,,Plant Dry Beans,,,,,,,ST,,0.0,296,8.0,2017-10-13 00:00:00.000000000,2018-09-04,dry beans,0.091875,2.5175625
2018-05-18,JD 8295R,295.0,6 Row Orthoman 1tRIPr,6 row,,Strip Till + Fertilize,Coulter-Chisel,CCHPLOW,150.0,0.5,0.27,Tillage (same as Strip Till; nutrients tracked separately),ST,,0.10125,294,8.0,2017-10-13 00:00:00.000000000,2018-09-04,dry beans,0.193125,2.6188125
2018-06-25,JD 6130R,130.0,Eversman 1076 6 Row Cultivator,6 row,,Cultivate,Row Cultivator,ROWCULT,25.0,0.25,0.7,Tillage (between rows),ST,,0.021875,297,8.0,2017-10-13 00:00:00.000000000,2018-09-04,dry beans,0.215,2.6406875
2018-06-26,JD 4455,156.0,Red Pipe Ditcher,6 row,,Pipe Ditch,,,,,,,ST,,0.0,298,8.0,2017-10-13 00:00:00.000000000,2018-09-04,dry beans,0.215,2.6406875
2018-07-17,JD 6130R,130.0,Eversman 1076 6 Row Cultivator,6 row,,Cultivate,Row Cultivator,ROWCULT,25.0,0.25,0.7,Tillage (between rows),ST,,0.021875,299,8.0,2017-10-13 00:00:00.000000000,2018-09-04,dry beans,0.236875,2.6625625
2018-08-30,Pickett 6030 OneStep 6Row,,,,Probably make sense to custom this out,Knife Dry Beans,—,—,0.0,0.0,0.0,Non-tillage (undercutter/knife pre-harvest; treat as zero mixing),ST,,0.0,300,8.0,2017-10-13 00:00:00.000000000,2018-09-04,dry beans,0.236875,2.6625625
2018-09-04,Case 1660 Combine,,Case 1660 Combine,,,Harvest Dry Beans,,,,,,,ST,,0.0,301,8.0,2017-10-13 00:00:00.000000000,2018-09-04,dry beans,0.236875,2.6625625
2018-09-07,New Holland T8.435,380.0,JD 2623 VT,20',,Vertical Till,One-Way (Disk Tiller),ONE-WAYT,100.0,0.6,1.0,Tillage (VT proxy; use OFFSETLT 100/0.55 if very light),ST,,0.3,303,9.0,2018-09-04 00:00:00.000000000,2019-08-02,winter wheat,0.3,2.9625625
2018-09-07,New Holland T8.435,380.0,JD 2623 VT,20',,Vertical Till,One-Way (Disk Tiller),ONE-WAYT,100.0,0.6,1.0,Tillage (VT proxy; use OFFSETLT 100/0.55 if very light),ST,,0.3,302,9.0,2018-09-04 00:00:00.000000000,2019-08-02,winter wheat,0.6,3.2625625
2018-09-10,,,,,,Severe Hail Damage,—,—,0.0,0.0,0.0,Event marker (no operation),ST,,0.0,304,9.0,2018-09-04 00:00:00.000000000,2019-08-02,winter wheat,0.6,3.2625625
2018-09-14,JD 8245R,245.0,Hawkins 6 Row Bedder,6 row,,Condition Seedbeds,Soil Finisher,SOILFINS,75.0,0.55,1.0,Tillage,ST,,0.20625000000000002,306,9.0,2018-09-04 00:00:00.000000000,2019-08-02,winter wheat,0.80625,3.4688125
2018-09-14,JD 7820,189.0,Brillon Mulcher,25',,Cultimulch,Culti-mulch Roller,CULMULCH,25.0,0.25,1.0,Tillage (Brillion/Dunham/Schmeiser),ST,,0.03125,305,9.0,2018-09-04 00:00:00.000000000,2019-08-02,winter wheat,0.8375,3.5000625
2018-09-14,JD 4455,156.0,Schmizer,,,Cultipack,Culti-packer Pulverizer,CULPKPUL,40.0,0.35,1.0,Tillage/firming pass,ST,,0.06999999999999999,307,9.0,2018-09-04 00:00:00.000000000,2019-08-02,winter wheat,0.9075,3.5700625
2018-09-14,JD 4440,144.0,Simplot Spreader Cart,,,Fertilizer Application,,,,,,,ST,,0.0,308,9.0,2018-09-04 00:00:00.000000000,2019-08-02,winter wheat,0.9075,3.5700625
2018-09-15,,,Great Plains Drill,4 row,Custom this out,Drill Wheat,,,,,,,ST,,0.0,309,9.0,2018-09-04 00:00:00.000000000,2019-08-02,winter wheat,0.9075,3.5700625
2019-04-24,,,,,,Pesticide Application,—,—,0.0,0.0,0.0,Non-tillage,ST,,0.0,310,9.0,2018-09-04 00:00:00.000000000,2019-08-02,winter wheat,0.9075,3.5700625
2019-05-31,,,,,,Pesticide Application,—,—,0.0,0.0,0.0,Non-tillage,ST,,0.0,311,9.0,2018-09-04 00:00:00.000000000,2019-08-02,winter wheat,0.9075,3.5700625
2019-06-26,,,,,,Pesticide Application,—,—,0.0,0.0,0.0,Non-tillage,ST,,0.0,312,9.0,2018-09-04 00:00:00.000000000,2019-08-02,winter wheat,0.9075,3.5700625
2019-06-27,,,,,,Pesticide Application,—,—,0.0,0.0,0.0,Non-tillage,ST,,0.0,313,9.0,2018-09-04 00:00:00.000000000,2019-08-02,winter wheat,0.9075,3.5700625
2019-07-18,,,,,,Pesticide Application,—,—,0.0,0.0,0.0,Non-tillage,ST,,0.0,314,9.0,2018-09-04 00:00:00.000000000,2019-08-02,winter wheat,0.9075,3.5700625
2019-07-19,,,,,,Pesticide Application,—,—,0.0,0.0,0.0,Non-tillage,ST,,0.0,315,9.0,2018-09-04 00:00:00.000000000,2019-08-02,winter wheat,0.9075,3.5700625
2019-07-23,,,,,,Pesticide Application,—,—,0.0,0.0,0.0,Non-tillage,ST,,0.0,316,9.0,2018-09-04 00:00:00.000000000,2019-08-02,winter wheat,0.9075,3.5700625
2019-08-02,Case 2166 Combine,,,,"Maybe custom this? Or say a combine, the same we use the next year",Harvest Wheat,,,,,,,ST,,0.0,317,9.0,2018-09-04 00:00:00.000000000,2019-08-02,winter wheat,0.9075,3.5700625
2019-08-03,,,JD 568 Round Baler 5x6,,,Chop + Bale Straw,,,,,,,ST,,0.0,318,10.0,2019-08-02 00:00:00.000000000,2020-10-09,grain corn,0.0,3.5700625
2019-10-07,,,,,,Pesticide Application,—,—,0.0,0.0,0.0,Non-tillage,ST,,0.0,319,10.0,2019-08-02 00:00:00.000000000,2020-10-09,grain corn,0.0,3.5700625
2020-04-01,JD 6125R,125.0,PV COOP Spreader Cart,,Looks to be combined with the strip tiller,Fertilizer Application,,,,,,,ST,,0.0,321,10.0,2019-08-02 00:00:00.000000000,2020-10-09,grain corn,0.0,3.5700625
2020-04-01,JD 8295R,295.0,6 Row Orthoman 1tRIPr,6 row,,Strip Till,Coulter-Chisel,CCHPLOW,150.0,0.5,0.27,Tillage (banded; use AreaFraction = strip_width/row_spacing),ST,,0.10125,320,10.0,2019-08-02 00:00:00.000000000,2020-10-09,grain corn,0.10125,3.6713125
2020-04-28,JD 6130R,130.0,Monosem NG+4 6 Row,6 row,,Plant Grain Corn,,,,,,,ST,,0.0,322,10.0,2019-08-02 00:00:00.000000000,2020-10-09,grain corn,0.10125,3.6713125
2020-04-30,,,,,,Pesticide Application,—,—,0.0,0.0,0.0,Non-tillage,ST,,0.0,323,10.0,2019-08-02 00:00:00.000000000,2020-10-09,grain corn,0.10125,3.6713125
2020-06-02,,,,,,Pesticide Application,—,—,0.0,0.0,0.0,Non-tillage,ST,,0.0,324,10.0,2019-08-02 00:00:00.000000000,2020-10-09,grain corn,0.10125,3.6713125
2020-06-17,,,,,,Pesticide Application,—,—,0.0,0.0,0.0,Non-tillage,ST,,0.0,325,10.0,2019-08-02 00:00:00.000000000,2020-10-09,grain corn,0.10125,3.6713125
2020-06-18,JD 6130R,130.0,Eversman 1076 6 Row Cultivator,6 row,,Cultivate,Row Cultivator,ROWCULT,25.0,0.25,0.7,Tillage (between rows),ST,,0.021875,326,10.0,2019-08-02 00:00:00.000000000,2020-10-09,grain corn,0.12312500000000001,3.6931875
2020-06-19,JD 7820,189.0,Red Pipe Ditcher,6 row,,Pipe Ditcher,,,,,,,ST,,0.0,327,10.0,2019-08-02 00:00:00.000000000,2020-10-09,grain corn,0.12312500000000001,3.6931875
2020-10-09,Case 2166 Combine,,,,,Harvest Grain Corn,,,,,,,ST,,0.0,328,10.0,2019-08-02 00:00:00.000000000,2020-10-09,grain corn,0.12312500000000001,3.6931875
2020-10-21,,,JD 568 Round Baler 5x6,,,Bale,,,,,,,ST,,0.0,330,11.0,2020-10-09 00:00:00.000000000,2021-10-22,grain corn,0.0,3.6931875
2020-10-21,,,Hiniker Flail Shredder/Windrower 6 Row,6 row,,Shred Stalks,,,,,,,ST,,0.0,329,11.0,2020-10-09 00:00:00.000000000,2021-10-22,grain corn,0.0,3.6931875
2020-10-22,JD 8245R,245.0,Landoll 7530 VT Plus Disc,~26' +,,Vertical Till,One-Way (Disk Tiller),ONE-WAYT,100.0,0.6,1.0,Tillage (VT proxy; use OFFSETLT 100/0.55 if very light),ST,,0.3,331,11.0,2020-10-09 00:00:00.000000000,2021-10-22,grain corn,0.3,3.9931875
2021-03-08,JD 8245R,245.0,Landoll 7530 VT Plus Disc,~26' +,,Vertical Till,One-Way (Disk Tiller),ONE-WAYT,100.0,0.6,1.0,Tillage (VT proxy; use OFFSETLT 100/0.55 if very light),ST,,0.3,332,11.0,2020-10-09 00:00:00.000000000,2021-10-22,grain corn,0.6,4.2931875
2021-04-09,JD 6155R,155.0,Hawkins 6 Row Bedder,6 row,,Condition Seedbeds,Soil Finisher,SOILFINS,75.0,0.55,1.0,Tillage,ST,,0.20625000000000002,333,11.0,2020-10-09 00:00:00.000000000,2021-10-22,grain corn,0.80625,4.4994375
2021-04-13,JD 8245R,245.0,Hawkins 6 Row Bedder,6 row,,Condition Seedbeds,Soil Finisher,SOILFINS,75.0,0.55,1.0,Tillage,ST,,0.20625000000000002,334,11.0,2020-10-09 00:00:00.000000000,2021-10-22,grain corn,1.0125,4.7056875
2021-04-13,JD 8295R,295.0,Kuhn Gladiator Strip Tiller,,,Strip Till + Fertilizer Application,,,,,,,ST,,0.0,335,11.0,2020-10-09 00:00:00.000000000,2021-10-22,grain corn,1.0125,4.7056875
2021-04-27,JD 6130R,130.0,Monosem NG+4 6 Row,6 row,,Plant Grain Corn,,,,,,,ST,,0.0,336,11.0,2020-10-09 00:00:00.000000000,2021-10-22,grain corn,1.0125,4.7056875
2021-05-25,,,,,,Pesticide Application,—,—,0.0,0.0,0.0,Non-tillage,ST,,0.0,337,11.0,2020-10-09 00:00:00.000000000,2021-10-22,grain corn,1.0125,4.7056875
2021-06-10,,,,,,Fertilizer Application,,,,,,,ST,,0.0,338,11.0,2020-10-09 00:00:00.000000000,2021-10-22,grain corn,1.0125,4.7056875
2021-06-18,JD 6195R,195.0,Red Pipe Ditcher,6 row,,Clean Furrows,Furrow-out Cultivator,FUROWOUT,25.0,0.75,0.17,Tillage,ST,,0.0159375,340,11.0,2020-10-09 00:00:00.000000000,2021-10-22,grain corn,1.0284375000000001,4.721625
2021-06-18,JD 6130R,130.0,Eversman 1076 6 Row Cultivator,6 row,,Cultivate,Row Cultivator,ROWCULT,25.0,0.25,0.7,Tillage (between rows),ST,,0.021875,339,11.0,2020-10-09 00:00:00.000000000,2021-10-22,grain corn,1.0503125,4.7435
2021-06-18,JD 6195R,195.0,Yetter 12 row liquid applicator ,12 row,,Fertilizer Application,,,,,,,ST,,0.0,341,11.0,2020-10-09 00:00:00.000000000,2021-10-22,grain corn,1.0503125,4.7435
2021-07-23,,,,,,Pesticide and Fertilizer Application,,,,,,,ST,,0.0,342,11.0,2020-10-09 00:00:00.000000000,2021-10-22,grain corn,1.0503125,4.7435
2021-10-22,Case 2166 Combine,,,,,Harvest Grain,,,,,,,ST,,0.0,343,11.0,2020-10-09 00:00:00.000000000,2021-10-22,grain corn,1.0503125,4.7435
2021-10-29,,,JD 568 Round Baler 5x6,,,Bale,,,,,,,ST,,0.0,345,12.0,2021-10-22 00:00:00.000000000,2022-10-24,grain corn,0.0,4.7435
2021-10-29,,,Hiniker Flail Shredder/Windrower 6 Row,6 row,,Shred and Chop,,,,,,,ST,,0.0,344,12.0,2021-10-22 00:00:00.000000000,2022-10-24,grain corn,0.0,4.7435
2021-11-23,JD 8245R,245.0,Landoll 7530 VT Plus Disc,~26' +,,Vertical Till,One-Way (Disk Tiller),ONE-WAYT,100.0,0.6,1.0,Tillage (VT proxy; use OFFSETLT 100/0.55 if very light),ST,,0.3,346,12.0,2021-10-22 00:00:00.000000000,2022-10-24,grain corn,0.3,5.0435
2021-11-29,New Holland T8.435,380.0,Great Plains Subsoiler,,,Subsoil Rip,Deep Ripper–Subsoiler,RIPRSUBS,350.0,0.25,1.0,Tillage,ST,,0.4375,347,12.0,2021-10-22 00:00:00.000000000,2022-10-24,grain corn,0.7375,5.481
2022-04-11,JD 8245R,245.0,Hawkins 6 Row Bedder,6 row,,Condition Seedbeds,Soil Finisher,SOILFINS,75.0,0.55,1.0,Tillage,ST,,0.20625000000000002,350,12.0,2021-10-22 00:00:00.000000000,2022-10-24,grain corn,0.94375,5.68725
2022-04-11,JD 6125R,125.0,Loader Agfinity Spreader Cart,,,Fertilizer Application,,,,,,,ST,,0.0,351,12.0,2021-10-22 00:00:00.000000000,2022-10-24,grain corn,0.94375,5.68725
2022-04-11,JD 8245R,245.0,Kuhn Gladiator Strip Tiller,,,Strip Till,Coulter-Chisel,CCHPLOW,150.0,0.5,0.27,Tillage (banded; use AreaFraction = strip_width/row_spacing),ST,,0.10125,349,12.0,2021-10-22 00:00:00.000000000,2022-10-24,grain corn,1.045,5.7885
2022-04-11,JD 8245R,245.0,Landoll 7530 VT Plus Disc,~26' +,,Vertical Till,One-Way (Disk Tiller),ONE-WAYT,100.0,0.6,1.0,Tillage (VT proxy; use OFFSETLT 100/0.55 if very light),ST,,0.3,348,12.0,2021-10-22 00:00:00.000000000,2022-10-24,grain corn,1.345,6.0885
2022-04-12,JD 6130R,130.0,Schmizer,,,Cultipack,Culti-packer Pulverizer,CULPKPUL,40.0,0.35,1.0,Tillage/firming pass,ST,,0.06999999999999999,352,12.0,2021-10-22 00:00:00.000000000,2022-10-24,grain corn,1.415,6.1585
2022-04-29,JD 6130R,130.0,Monosem NG+4 6 row,6 row,,Plant Grain Corn w/ Optistart Gold,,,,,,,ST,,0.0,353,12.0,2021-10-22 00:00:00.000000000,2022-10-24,grain corn,1.415,6.1585
2022-06-07,,,,,,Pesticide Application,—,—,0.0,0.0,0.0,Non-tillage,ST,,0.0,354,12.0,2021-10-22 00:00:00.000000000,2022-10-24,grain corn,1.415,6.1585
2022-06-13,JD 6125R,125.0,Red Pipe Ditcher,6 row,,Clean Furrows,Furrow-out Cultivator,FUROWOUT,25.0,0.75,0.17,Tillage,ST,,0.0159375,356,12.0,2021-10-22 00:00:00.000000000,2022-10-24,grain corn,1.4309375,6.1744375
2022-06-13,JD 8295R,295.0,Hiniker 6 row cultivator,6 row,,Cultivate,Row Cultivator,ROWCULT,25.0,0.25,0.7,Tillage (between rows),ST,,0.021875,355,12.0,2021-10-22 00:00:00.000000000,2022-10-24,grain corn,1.4528125,6.1963125
2022-06-13,JD 6195R,195.0,Yetter 12 row liquid applicator ,12 row,,Fertilizer Application,,,,,,,ST,,0.0,357,12.0,2021-10-22 00:00:00.000000000,2022-10-24,grain corn,1.4528125,6.1963125
2022-10-24,Case 2166 Combine,,,,,Harvest Grain,,,,,,,ST,,0.0,358,12.0,2021-10-22 00:00:00.000000000,2022-10-24,grain corn,1.4528125,6.1963125
2022-11-02,,,JD 560M Round Baler,,,Chop and Bale,,,,,,,ST,,0.0,360,13.0,2022-10-24 00:00:00.000000000,2023-09-08,silage corn,0.0,6.1963125
2022-11-02,,,Hiniker Flail Shredder/Windrower 6 Row,6 row,,Shred and Windrow,,,,,,,ST,,0.0,359,13.0,2022-10-24 00:00:00.000000000,2023-09-08,silage corn,0.0,6.1963125
2022-11-10,JD 8245R,245.0,Landoll 7530 VT Plus Disc,~26' +,,Vertical Till,One-Way (Disk Tiller),ONE-WAYT,100.0,0.6,1.0,Tillage (VT proxy; use OFFSETLT 100/0.55 if very light),ST,,0.3,361,13.0,2022-10-24 00:00:00.000000000,2023-09-08,silage corn,0.3,6.4963125
2023-04-14,JD 8295R,295.0,Kuhn Gladiator Strip Tiller,,,Strip Till + Fertilizer Application,,,,,,,ST,,0.0,362,13.0,2022-10-24 00:00:00.000000000,2023-09-08,silage corn,0.3,6.4963125
2023-05-02,JD 6195R,195.0,JD 7300 6 Row,6 row,,Fertilizer Application,,,,,,,ST,,0.0,363,13.0,2022-10-24 00:00:00.000000000,2023-09-08,silage corn,0.3,6.4963125
2023-05-02,JD 6195R,195.0,JD 7300 6 Row,6 row,"This is one operation, planting with an optistart addition",Plant Silage Corn,,,,,,,ST,,0.0,364,13.0,2022-10-24 00:00:00.000000000,2023-09-08,silage corn,0.3,6.4963125
2023-05-31,,,,,,Pesticide Application,—,—,0.0,0.0,0.0,Non-tillage,ST,,0.0,365,13.0,2022-10-24 00:00:00.000000000,2023-09-08,silage corn,0.3,6.4963125
2023-06-26,JD 8245R,245.0,Yetter 12 row liquid applicator ,12 row,"This is labelled pre-plant, but obviously comes quite a bit later. I think we're also putting this on a cultivator",Fertilizer Application,,,,,,,ST,,0.0,366,13.0,2022-10-24 00:00:00.000000000,2023-09-08,silage corn,0.3,6.4963125
2023-06-28,JD 6155R,155.0,Hiniker 6 row cultivator,6 row,,Cultivate,Row Cultivator,ROWCULT,25.0,0.25,0.7,Tillage (between rows),ST,,0.021875,367,13.0,2022-10-24 00:00:00.000000000,2023-09-08,silage corn,0.32187499999999997,6.5181875
2023-06-28,JD 6125R,125.0,Red Piper Ditcher 6 Row,6 row,,Pipe Ditch,,,,,,,ST,,0.0,368,13.0,2022-10-24 00:00:00.000000000,2023-09-08,silage corn,0.32187499999999997,6.5181875
2023-09-08,Custom Silage Harvester,,,,,Harvest Silage Corn,,,,,,,ST,,0.0,369,13.0,2022-10-24 00:00:00.000000000,2023-09-08,silage corn,0.32187499999999997,6.5181875
2023-09-12,JD 6125R,125.0,PV COOP Spreader Cart,,,Fertilizer Application,,,,,,,ST,,0.0,371,14.0,2023-09-08 00:00:00.000000000,2024-08-02,winter wheat,0.0,6.5181875
2023-09-12,JD 8295R,295.0,Landoll 7530 VT Plus Disc,~ 26' +,,Vertical Till,One-Way (Disk Tiller),ONE-WAYT,100.0,0.6,1.0,Tillage (VT proxy; use OFFSETLT 100/0.55 if very light),ST,,0.3,370,14.0,2023-09-08 00:00:00.000000000,2024-08-02,winter wheat,0.3,6.8181875000000005
2023-09-13,JD 8245R,245.0,Hawkins 6 Row Bedder,6 row,,Condition Seedbeds,Soil Finisher,SOILFINS,75.0,0.55,1.0,Tillage,ST,,0.20625000000000002,372,14.0,2023-09-08 00:00:00.000000000,2024-08-02,winter wheat,0.50625,7.0244375
2023-09-13,JD 6125 R,125.0,Schmizer,,,Cultipack,Culti-packer Pulverizer,CULPKPUL,40.0,0.35,1.0,Tillage/firming pass,ST,,0.06999999999999999,373,14.0,2023-09-08 00:00:00.000000000,2024-08-02,winter wheat,0.57625,7.0944375
2023-09-13,,,Air Seeder APV 20',,Custom this out,Plant Hard Red Winter Wheat,,,,,,,ST,,0.0,374,14.0,2023-09-08 00:00:00.000000000,2024-08-02,winter wheat,0.57625,7.0944375
